"GEOID","NAME","male.18_19E","male.18_19M","male.20E","male.20M","male.21E","male.21M","male.22_24E","male.22_24M","male.25_29E","male.25_29M","male.30_34E","male.30_34M","male.35_39E","male.35_39M","male.40_44E","male.40_44M","male.45_49E","male.45_49M","male.50_54E","male.50_54M","male.55_59E","male.55_59M","male.60_61E","male.60_61M","male.62_64E","male.62_64M","male.65_66E","male.65_66M","male.67_69E","male.67_69M","male.70_74E","male.70_74M","male.75_79E","male.75_79M","male.80_84E","male.80_84M","male.85_plusE","male.85_plusM","female.18_19E","female.18_19M","female.20E","female.20M","female.21E","female.21M","female.22_24E","female.22_24M","female.25_29E","female.25_29M","female.30_34E","female.30_34M","female.35_39E","female.35_39M","female.40_44E","female.40_44M","female.45_49E","female.45_49M","female.50_54E","female.50_54M","female.55_59E","female.55_59M","female.60_61E","female.60_61M","female.62_64E","female.62_64M","female.65_66E","female.65_66M","female.67_69E","female.67_69M","female.70_74E","female.70_74M","female.75_79E","female.75_79M","female.80_84E","female.80_84M","female.85_plusE","female.85_plusM","male.white.18_19E","male.white.18_19M","male.white.20_24E","male.white.20_24M","male.white.25_29E","male.white.25_29M","male.white.30_34E","male.white.30_34M","male.white.35_44E","male.white.35_44M","male.white.45_54E","male.white.45_54M","male.white.55_64E","male.white.55_64M","male.white.65_74E","male.white.65_74M","male.white.75_84E","male.white.75_84M","male.white.85_plusE","male.white.85_plusM","female.white.18_19E","female.white.18_19M","female.white.20_24E","female.white.20_24M","female.white.25_29E","female.white.25_29M","female.white.30_34E","female.white.30_34M","female.white.35_44E","female.white.35_44M","female.white.45_54E","female.white.45_54M","female.white.55_64E","female.white.55_64M","female.white.65_74E","female.white.65_74M","female.white.75_84E","female.white.75_84M","female.white.85_plusE","female.white.85_plusM","male.black.18_19E","male.black.18_19M","male.black.20_24E","male.black.20_24M","male.black.25_29E","male.black.25_29M","male.black.30_34E","male.black.30_34M","male.black.35_44E","male.black.35_44M","male.black.45_54E","male.black.45_54M","male.black.55_64E","male.black.55_64M","male.black.65_74E","male.black.65_74M","male.black.75_84E","male.black.75_84M","male.black.85_plusE","male.black.85_plusM","female.black.18_19E","female.black.18_19M","female.black.20_24E","female.black.20_24M","female.black.25_29E","female.black.25_29M","female.black.30_34E","female.black.30_34M","female.black.35_44E","female.black.35_44M","female.black.45_54E","female.black.45_54M","female.black.55_64E","female.black.55_64M","female.black.65_74E","female.black.65_74M","female.black.75_84E","female.black.75_84M","female.black.85_plusE","female.black.85_plusM","male.american_indian.18_19E","male.american_indian.18_19M","male.american_indian.20_24E","male.american_indian.20_24M","male.american_indian.25_29E","male.american_indian.25_29M","male.american_indian.30_34E","male.american_indian.30_34M","male.american_indian.35_44E","male.american_indian.35_44M","male.american_indian.45_54E","male.american_indian.45_54M","male.american_indian.55_64E","male.american_indian.55_64M","male.american_indian.65_74E","male.american_indian.65_74M","male.american_indian.75_84E","male.american_indian.75_84M","male.american_indian.85_plusE","male.american_indian.85_plusM","female.american_indian.18_19E","female.american_indian.18_19M","female.american_indian.20_24E","female.american_indian.20_24M","female.american_indian.25_29E","female.american_indian.25_29M","female.american_indian.30_34E","female.american_indian.30_34M","female.american_indian.35_44E","female.american_indian.35_44M","female.american_indian.45_54E","female.american_indian.45_54M","female.american_indian.55_64E","female.american_indian.55_64M","female.american_indian.65_74E","female.american_indian.65_74M","female.american_indian.75_84E","female.american_indian.75_84M","female.american_indian.85_plusE","female.american_indian.85_plusM","male.asian.18_19E","male.asian.18_19M","male.asian.20_24E","male.asian.20_24M","male.asian.25_29E","male.asian.25_29M","male.asian.30_34E","male.asian.30_34M","male.asian.35_44E","male.asian.35_44M","male.asian.45_54E","male.asian.45_54M","male.asian.55_64E","male.asian.55_64M","male.asian.65_74E","male.asian.65_74M","male.asian.75_84E","male.asian.75_84M","male.asian.85_plusE","male.asian.85_plusM","female.asian.18_19E","female.asian.18_19M","female.asian.20_24E","female.asian.20_24M","female.asian.25_29E","female.asian.25_29M","female.asian.30_34E","female.asian.30_34M","female.asian.35_44E","female.asian.35_44M","female.asian.45_54E","female.asian.45_54M","female.asian.55_64E","female.asian.55_64M","female.asian.65_74E","female.asian.65_74M","female.asian.75_84E","female.asian.75_84M","female.asian.85_plusE","female.asian.85_plusM","male.pacific_islander.18_19E","male.pacific_islander.18_19M","male.pacific_islander.20_24E","male.pacific_islander.20_24M","male.pacific_islander.25_29E","male.pacific_islander.25_29M","male.pacific_islander.30_34E","male.pacific_islander.30_34M","male.pacific_islander.35_44E","male.pacific_islander.35_44M","male.pacific_islander.45_54E","male.pacific_islander.45_54M","male.pacific_islander.55_64E","male.pacific_islander.55_64M","male.pacific_islander.65_74E","male.pacific_islander.65_74M","male.pacific_islander.75_84E","male.pacific_islander.75_84M","male.pacific_islander.85_plusE","male.pacific_islander.85_plusM","female.pacific_islander.18_19E","female.pacific_islander.18_19M","female.pacific_islander.20_24E","female.pacific_islander.20_24M","female.pacific_islander.25_29E","female.pacific_islander.25_29M","female.pacific_islander.30_34E","female.pacific_islander.30_34M","female.pacific_islander.35_44E","female.pacific_islander.35_44M","female.pacific_islander.45_54E","female.pacific_islander.45_54M","female.pacific_islander.55_64E","female.pacific_islander.55_64M","female.pacific_islander.65_74E","female.pacific_islander.65_74M","female.pacific_islander.75_84E","female.pacific_islander.75_84M","female.pacific_islander.85_plusE","female.pacific_islander.85_plusM","male.white_only.18_19E","male.white_only.18_19M","male.white_only.20_24E","male.white_only.20_24M","male.white_only.25_29E","male.white_only.25_29M","male.white_only.30_34E","male.white_only.30_34M","male.white_only.35_44E","male.white_only.35_44M","male.white_only.45_54E","male.white_only.45_54M","male.white_only.55_64E","male.white_only.55_64M","male.white_only.65_74E","male.white_only.65_74M","male.white_only.75_84E","male.white_only.75_84M","male.white_only.85_plusE","male.white_only.85_plusM","female.white_only.18_19E","female.white_only.18_19M","female.white_only.20_24E","female.white_only.20_24M","female.white_only.25_29E","female.white_only.25_29M","female.white_only.30_34E","female.white_only.30_34M","female.white_only.35_44E","female.white_only.35_44M","female.white_only.45_54E","female.white_only.45_54M","female.white_only.55_64E","female.white_only.55_64M","female.white_only.65_74E","female.white_only.65_74M","female.white_only.75_84E","female.white_only.75_84M","female.white_only.85_plusE","female.white_only.85_plusM","male.hispanic.18_19E","male.hispanic.18_19M","male.hispanic.20_24E","male.hispanic.20_24M","male.hispanic.25_29E","male.hispanic.25_29M","male.hispanic.30_34E","male.hispanic.30_34M","male.hispanic.35_44E","male.hispanic.35_44M","male.hispanic.45_54E","male.hispanic.45_54M","male.hispanic.55_64E","male.hispanic.55_64M","male.hispanic.65_74E","male.hispanic.65_74M","male.hispanic.75_84E","male.hispanic.75_84M","male.hispanic.85_plusE","male.hispanic.85_plusM","female.hispanic.18_19E","female.hispanic.18_19M","female.hispanic.20_24E","female.hispanic.20_24M","female.hispanic.25_29E","female.hispanic.25_29M","female.hispanic.30_34E","female.hispanic.30_34M","female.hispanic.35_44E","female.hispanic.35_44M","female.hispanic.45_54E","female.hispanic.45_54M","female.hispanic.55_64E","female.hispanic.55_64M","female.hispanic.65_74E","female.hispanic.65_74M","female.hispanic.75_84E","female.hispanic.75_84M","female.hispanic.85_plusE","female.hispanic.85_plusM","male.18_24.less_than_9th_gradeE","male.18_24.less_than_9th_gradeM","male.18_24.less_than_high_schoolE","male.18_24.less_than_high_schoolM","male.18_24.high_school_gradE","male.18_24.high_school_gradM","male.18_24.some_collegeE","male.18_24.some_collegeM","male.18_24.associate_degreeE","male.18_24.associate_degreeM","male.18_24.bachelor_degreeE","male.18_24.bachelor_degreeM","male.18_24.graduate_degreeE","male.18_24.graduate_degreeM","male.25_34.less_than_9th_gradeE","male.25_34.less_than_9th_gradeM","male.25_34.less_than_high_schoolE","male.25_34.less_than_high_schoolM","male.25_34.high_school_gradE","male.25_34.high_school_gradM","male.25_34.some_collegeE","male.25_34.some_collegeM","male.25_34.associate_degreeE","male.25_34.associate_degreeM","male.25_34.bachelor_degreeE","male.25_34.bachelor_degreeM","male.25_34.graduate_degreeE","male.25_34.graduate_degreeM","male.35_44.less_than_9th_gradeE","male.35_44.less_than_9th_gradeM","male.35_44.less_than_high_schoolE","male.35_44.less_than_high_schoolM","male.35_44.high_school_gradE","male.35_44.high_school_gradM","male.35_44.some_collegeE","male.35_44.some_collegeM","male.35_44.associate_degreeE","male.35_44.associate_degreeM","male.35_44.bachelor_degreeE","male.35_44.bachelor_degreeM","male.35_44.graduate_degreeE","male.35_44.graduate_degreeM","male.45_64.less_than_9th_gradeE","male.45_64.less_than_9th_gradeM","male.45_64.less_than_high_schoolE","male.45_64.less_than_high_schoolM","male.45_64.high_school_gradE","male.45_64.high_school_gradM","male.45_64.some_collegeE","male.45_64.some_collegeM","male.45_64.associate_degreeE","male.45_64.associate_degreeM","male.45_64.bachelor_degreeE","male.45_64.bachelor_degreeM","male.45_64.graduate_degreeE","male.45_64.graduate_degreeM","male.65_plus.less_than_9th_gradeE","male.65_plus.less_than_9th_gradeM","male.65_plus.less_than_high_schoolE","male.65_plus.less_than_high_schoolM","male.65_plus.high_school_gradE","male.65_plus.high_school_gradM","male.65_plus.some_collegeE","male.65_plus.some_collegeM","male.65_plus.associate_degreeE","male.65_plus.associate_degreeM","male.65_plus.bachelor_degreeE","male.65_plus.bachelor_degreeM","male.65_plus.graduate_degreeE","male.65_plus.graduate_degreeM","female.18_24.less_than_9th_gradeE","female.18_24.less_than_9th_gradeM","female.18_24.less_than_high_schoolE","female.18_24.less_than_high_schoolM","female.18_24.high_school_gradE","female.18_24.high_school_gradM","female.18_24.some_collegeE","female.18_24.some_collegeM","female.18_24.associate_degreeE","female.18_24.associate_degreeM","female.18_24.bachelor_degreeE","female.18_24.bachelor_degreeM","female.18_24.graduate_degreeE","female.18_24.graduate_degreeM","female.25_34.less_than_9th_gradeE","female.25_34.less_than_9th_gradeM","female.25_34.less_than_high_schoolE","female.25_34.less_than_high_schoolM","female.25_34.high_school_gradE","female.25_34.high_school_gradM","female.25_34.some_collegeE","female.25_34.some_collegeM","female.25_34.associate_degreeE","female.25_34.associate_degreeM","female.25_34.bachelor_degreeE","female.25_34.bachelor_degreeM","female.25_34.graduate_degreeE","female.25_34.graduate_degreeM","female.35_44.less_than_9th_gradeE","female.35_44.less_than_9th_gradeM","female.35_44.less_than_high_schoolE","female.35_44.less_than_high_schoolM","female.35_44.high_school_gradE","female.35_44.high_school_gradM","female.35_44.some_collegeE","female.35_44.some_collegeM","female.35_44.associate_degreeE","female.35_44.associate_degreeM","female.35_44.bachelor_degreeE","female.35_44.bachelor_degreeM","female.35_44.graduate_degreeE","female.35_44.graduate_degreeM","female.45_64.less_than_9th_gradeE","female.45_64.less_than_9th_gradeM","female.45_64.less_than_high_schoolE","female.45_64.less_than_high_schoolM","female.45_64.high_school_gradE","female.45_64.high_school_gradM","female.45_64.some_collegeE","female.45_64.some_collegeM","female.45_64.associate_degreeE","female.45_64.associate_degreeM","female.45_64.bachelor_degreeE","female.45_64.bachelor_degreeM","female.45_64.graduate_degreeE","female.45_64.graduate_degreeM","female.65_plus.less_than_9th_gradeE","female.65_plus.less_than_9th_gradeM","female.65_plus.less_than_high_schoolE","female.65_plus.less_than_high_schoolM","female.65_plus.high_school_gradE","female.65_plus.high_school_gradM","female.65_plus.some_collegeE","female.65_plus.some_collegeM","female.65_plus.associate_degreeE","female.65_plus.associate_degreeM","female.65_plus.bachelor_degreeE","female.65_plus.bachelor_degreeM","female.65_plus.graduate_degreeE","female.65_plus.graduate_degreeM","income.medianE","income.medianM","below_poverty_line","B06012_002M","between_100_to_149_percent_poverty_lineE","between_100_to_149_percent_poverty_lineM","above_150_percent_poverty_lineE","above_150_percent_poverty_lineM","income.under_25.under_10kE","income.under_25.under_10kM","income.under_25.10k_15kE","income.under_25.10k_15kM","income.under_25.15k_20kE","income.under_25.15k_20kM","income.under_25.20k_25kE","income.under_25.20k_25kM","income.under_25.25k_30kE","income.under_25.25k_30kM","income.under_25.30k_35kE","income.under_25.30k_35kM","income.under_25.35k_40kE","income.under_25.35k_40kM","income.under_25.40k_45kE","income.under_25.40k_45kM","income.under_25.45k_50kE","income.under_25.45k_50kM","income.under_25.50k_60kE","income.under_25.50k_60kM","income.under_25.60k_75kE","income.under_25.60k_75kM","income.under_25.75k_100kE","income.under_25.75k_100kM","income.under_25.100k_125kE","income.under_25.100k_125kM","income.under_25.125k_150kE","income.under_25.125k_150kM","income.under_25.150k_200kE","income.under_25.150k_200kM","income.under_25.200k_plusE","income.under_25.200k_plusM","income.25_44.under_10kE","income.25_44.under_10kM","income.25_44.10k_15kE","income.25_44.10k_15kM","income.25_44.15k_20kE","income.25_44.15k_20kM","income.25_44.20k_25kE","income.25_44.20k_25kM","income.25_44.25k_30kE","income.25_44.25k_30kM","income.25_44.30k_35kE","income.25_44.30k_35kM","income.25_44.35k_40kE","income.25_44.35k_40kM","income.25_44.40k_45kE","income.25_44.40k_45kM","income.25_44.45k_50kE","income.25_44.45k_50kM","income.25_44.50k_60kE","income.25_44.50k_60kM","income.25_44.60k_75kE","income.25_44.60k_75kM","income.25_44.75k_100kE","income.25_44.75k_100kM","income.25_44.100k_125kE","income.25_44.100k_125kM","income.25_44.125k_150kE","income.25_44.125k_150kM","income.25_44.150k_200kE","income.25_44.150k_200kM","income.25_44.200k_plusE","income.25_44.200k_plusM","income.45_64.under_10kE","income.45_64.under_10kM","income.45_64.10k_15kE","income.45_64.10k_15kM","income.45_64.15k_20kE","income.45_64.15k_20kM","income.45_64.20k_25kE","income.45_64.20k_25kM","income.45_64.25k_30kE","income.45_64.25k_30kM","income.45_64.30k_35kE","income.45_64.30k_35kM","income.45_64.35k_40kE","income.45_64.35k_40kM","income.45_64.40k_45kE","income.45_64.40k_45kM","income.45_64.45k_50kE","income.45_64.45k_50kM","income.45_64.50k_60kE","income.45_64.50k_60kM","income.45_64.60k_75kE","income.45_64.60k_75kM","income.45_64.75k_100kE","income.45_64.75k_100kM","income.45_64.100k_125kE","income.45_64.100k_125kM","income.45_64.125k_150kE","income.45_64.125k_150kM","income.45_64.150k_200kE","income.45_64.150k_200kM","income.45_64.200k_plusE","income.45_64.200k_plusM","income.65_plus.under_10kE","income.65_plus.under_10kM","income.65_plus.10k_15kE","income.65_plus.10k_15kM","income.65_plus.15k_20kE","income.65_plus.15k_20kM","income.65_plus.20k_25kE","income.65_plus.20k_25kM","income.65_plus.25k_30kE","income.65_plus.25k_30kM","income.65_plus.30k_35kE","income.65_plus.30k_35kM","income.65_plus.35k_40kE","income.65_plus.35k_40kM","income.65_plus.40k_45kE","income.65_plus.40k_45kM","income.65_plus.45k_50kE","income.65_plus.45k_50kM","income.65_plus.50k_60kE","income.65_plus.50k_60kM","income.65_plus.60k_75kE","income.65_plus.60k_75kM","income.65_plus.75k_100kE","income.65_plus.75k_100kM","income.65_plus.100k_125kE","income.65_plus.100k_125kM","income.65_plus.125k_150kE","income.65_plus.125k_150kM","income.65_plus.150k_200kE","income.65_plus.150k_200kM","income.65_plus.200k_plusE","income.65_plus.200k_plusM"
"41001","Baker County, Oregon",184,40,130,42,68,37,225,81,488,54,423,29,379,77,459,82,426,13,526,24,561,77,263,63,437,72,319,86,347,73,471,73,407,68,240,49,157,52,101,58,108,50,58,42,203,80,347,15,432,51,296,79,433,83,464,27,569,24,656,89,256,71,392,73,280,72,426,84,446,77,394,68,276,68,238,76,139,17,391,40,381,10,400,14,780,31,916,7,1232,17,1092,16,639,56,151,51,92,56,358,70,338,19,400,37,663,7,994,25,1287,15,1102,10,654,73,222,74,0,19,0,19,26,39,10,14,3,6,0,19,0,19,0,19,0,19,0,19,0,19,0,19,0,19,23,31,0,19,0,19,0,19,0,19,0,19,0,19,19,29,13,17,26,34,0,19,27,29,5,6,5,5,4,5,4,6,0,19,0,19,0,19,0,19,2,3,5,9,13,19,0,19,18,19,7,15,0,19,15,24,0,19,28,25,7,10,0,19,0,19,9,13,0,19,0,19,0,19,0,19,0,19,9,15,7,11,9,11,0,19,0,19,5,9,5,9,0,19,0,19,0,19,2,4,0,19,0,19,0,19,3,6,0,19,0,19,0,19,0,19,3,6,0,19,0,19,26,32,0,19,0,19,0,19,0,19,0,19,139,17,359,19,375,19,392,19,748,19,911,19,1217,19,1075,19,628,51,151,51,92,56,320,56,338,19,361,19,658,19,964,19,1272,19,1096,19,646,73,212,73,2,5,38,40,17,18,14,18,59,40,17,16,15,17,17,16,11,14,0,19,9,13,38,43,0,19,39,37,26,21,35,25,15,15,17,18,8,12,10,13,42,38,162,85,176,74,194,68,1,3,32,31,0,19,2,3,104,46,219,67,312,83,59,41,150,67,65,61,35,35,41,27,290,77,219,84,46,30,146,62,61,38,23,24,140,52,785,131,609,100,177,50,346,113,133,50,74,37,272,79,537,82,465,85,91,38,290,69,212,60,8,11,96,62,154,74,199,64,13,21,0,19,0,19,11,14,74,51,173,52,267,55,55,29,151,45,48,31,0,19,19,23,258,91,177,66,51,29,117,57,107,46,14,16,95,49,644,126,801,134,243,95,376,97,164,57,66,42,162,47,826,94,514,93,143,47,198,72,151,66,41722,1537,2339,375,1931,272,11234,440,8,12,8,15,64,47,38,34,0,19,48,43,19,26,25,32,0,19,15,17,0,19,27,28,0,19,0,19,0,19,0,19,152,46,38,29,98,55,55,32,35,29,131,73,67,38,202,87,79,48,142,59,213,82,202,79,109,56,85,53,7,10,22,22,226,86,175,74,73,38,147,52,136,62,105,49,107,46,114,51,160,60,219,78,285,86,263,76,230,76,155,76,36,26,63,32,195,53,284,79,223,70,246,90,218,82,169,60,209,73,195,52,140,46,184,66,241,76,153,56,60,32,40,27,28,24,43,23
"41003","Benton County, Oregon",2782,135,2221,332,1723,272,4008,399,3387,98,2532,33,2177,259,2202,248,2007,51,2348,33,2792,253,1124,171,1513,189,862,160,1090,163,1579,169,871,154,769,127,628,141,2900,217,1601,282,1424,262,3330,349,2867,75,2436,52,2327,230,2042,220,2237,93,2610,39,2993,232,1116,168,1523,225,850,140,1329,158,1478,164,1085,148,823,132,1131,160,2180,73,6259,94,2771,69,2151,40,3866,139,3952,32,4973,47,3373,23,1523,152,628,141,2302,77,5460,88,2390,50,2099,31,3799,84,4247,70,5300,40,3504,68,1815,157,1097,157,45,68,129,79,74,83,20,23,47,48,18,25,142,110,11,15,0,28,0,28,12,20,0,28,47,60,14,21,69,86,18,34,10,16,0,28,0,28,0,28,12,20,115,82,29,18,33,25,9,11,12,16,96,50,33,31,0,28,0,28,3,4,45,46,41,46,0,28,12,16,59,37,17,26,3,6,0,28,2,6,298,52,944,76,290,48,180,23,262,17,233,16,167,28,85,32,57,32,0,28,279,72,523,119,236,24,172,25,362,12,351,13,212,10,98,37,46,29,32,30,21,27,35,17,7,15,20,15,12,17,0,28,22,12,0,28,0,28,0,28,0,28,11,17,30,16,20,16,3,7,3,7,20,12,0,28,0,28,0,28,2047,28,5968,16,2596,20,1958,15,3474,10,3866,28,4896,13,3343,28,1456,138,611,138,1997,14,5213,28,2196,28,1927,28,3497,28,4064,15,5261,24,3424,22,1754,153,1083,153,197,86,522,86,272,NA,239,NA,530,46,176,46,79,45,39,27,67,59,17,23,374,89,342,89,285,NA,217,NA,351,66,261,67,58,46,80,60,104,71,14,21,58,46,260,99,1489,287,7539,462,353,131,951,234,84,58,118,101,143,86,952,240,1205,203,530,161,2003,222,968,155,91,65,126,78,678,189,985,215,215,89,1250,228,1034,188,107,61,444,160,1352,199,1654,204,832,156,2806,307,2589,227,221,110,252,106,790,179,803,160,294,95,1542,221,1897,194,38,37,266,92,1181,255,5998,378,349,129,1350,254,73,51,36,35,125,99,550,153,821,203,475,151,1922,219,1374,194,33,57,208,95,481,157,853,183,282,110,1406,222,1106,169,89,55,258,80,1314,217,2270,248,950,201,3004,289,2594,241,177,85,208,62,1439,199,1729,213,326,92,1427,178,1390,227,52015,2151,17665,1041,7263,864,57241,1245,1691,260,718,178,696,189,373,123,209,87,316,136,297,131,116,75,109,82,137,82,205,122,155,85,106,85,0,28,0,28,0,28,691,162,281,118,696,230,583,166,534,188,306,90,524,145,566,181,638,181,789,153,673,147,1191,226,919,197,586,176,376,128,409,130,671,169,243,83,336,96,322,105,427,137,301,121,287,91,376,105,357,134,669,150,1319,215,1901,302,1300,227,803,151,1209,205,910,174,391,151,660,163,401,105,521,116,486,132,441,127,390,90,270,77,339,89,623,129,688,149,1135,192,534,106,297,83,327,82,369,123
"41005","Clackamas County, Oregon",4655,115,2358,341,2187,341,7170,384,11556,53,11620,63,11906,511,13224,517,13293,79,14461,93,14830,595,5597,399,7784,494,5202,389,5870,370,7211,384,4592,380,3024,293,2668,314,4235,119,2383,288,1966,333,6605,395,11210,114,11945,46,12558,597,12925,579,13763,78,15073,67,15135,534,5947,387,8778,525,5241,370,6490,494,8328,430,5672,384,4253,342,5236,381,4008,88,10030,167,10101,141,10288,138,21810,171,25238,155,26257,105,17318,46,7290,309,2639,311,3451,110,9558,146,9572,136,10299,139,22246,163,25981,134,27698,109,18981,48,9426,382,5022,373,97,97,111,83,150,47,110,61,425,122,257,114,234,55,106,56,32,36,0,28,108,93,44,42,185,115,65,47,204,67,180,89,196,66,67,60,56,48,0,28,42,48,217,127,54,35,164,98,175,78,159,77,179,64,102,49,13,21,0,28,18,34,59,55,77,61,70,63,179,62,198,86,156,65,176,61,7,11,31,37,240,19,490,83,503,63,370,79,1106,139,1183,62,818,66,454,48,216,32,20,24,101,56,460,98,570,117,654,67,1575,108,1357,112,1066,70,566,42,299,75,131,69,0,28,79,68,63,41,59,37,75,65,23,27,31,30,20,22,11,17,0,28,0,28,32,29,115,65,69,43,11,18,58,40,17,20,30,26,34,25,0,28,3571,28,9008,24,9209,28,9399,28,20095,32,24011,38,25676,28,16978,28,7231,299,2555,298,3136,21,8616,30,8780,17,9513,20,20524,27,24910,21,27075,19,18627,23,9277,374,5004,374,631,NA,1465,NA,1258,NA,1270,NA,2532,NA,1724,NA,918,NA,431,NA,68,46,84,46,549,NA,1281,NA,1144,NA,1216,NA,2400,NA,1582,NA,956,NA,427,NA,207,54,64,54,141,77,2506,333,6092,475,5660,428,855,236,967,221,149,105,322,132,1776,391,5623,491,6642,498,2500,365,4866,477,1447,283,959,230,1279,223,5425,486,6406,499,2252,287,5893,492,2916,379,1202,202,2318,293,12186,681,15058,698,5468,467,12877,587,6856,474,779,182,1301,257,6444,376,6820,445,1915,235,5888,409,5420,369,97,67,1226,225,4374,427,6225,420,1388,294,1837,296,42,64,392,161,802,208,4487,383,6733,478,2663,315,5695,458,2383,329,1079,212,588,155,4330,425,6800,455,2660,327,6567,488,3459,320,751,182,1932,305,12556,636,16896,685,6083,439,13221,683,7257,468,943,218,2100,312,10714,498,10203,467,2196,287,5589,379,3475,320,68915,1137,36160,2015,23671,1845,332049,2702,300,141,195,96,179,115,282,137,375,150,378,144,355,145,226,114,113,55,477,162,396,118,163,108,87,63,0,28,9,14,78,74,1641,340,1055,254,915,205,1512,291,1466,268,1601,242,1491,314,1884,324,1886,319,3836,409,5507,518,7065,490,5115,395,3598,443,2878,326,2953,345,2415,355,1723,298,1551,250,2045,315,1679,313,2094,305,1775,240,2102,422,1960,258,4825,443,6560,438,9609,588,8053,512,5572,477,5796,452,6467,455,1987,296,1899,292,2765,336,2600,310,2244,209,2385,249,2230,294,2114,259,1988,254,3171,307,3881,351,4927,398,2293,270,1479,192,1428,242,1517,198
"41007","Clatsop County, Oregon",456,60,220,131,276,130,682,146,1288,110,1074,80,1143,170,996,141,1071,82,1316,66,1484,177,660,130,838,158,674,130,606,134,909,130,566,90,290,78,322,100,441,46,151,83,295,145,605,156,1076,64,1114,76,1138,129,1005,122,1036,49,1347,41,1688,165,718,130,880,159,477,96,944,125,823,110,564,111,440,103,625,124,366,20,990,34,1042,42,963,24,1881,70,2217,51,2843,8,2095,11,838,106,322,100,344,31,954,60,991,49,1014,51,1828,53,2266,46,3073,44,2181,24,963,109,573,109,26,38,18,39,25,55,26,41,6,10,25,39,0,25,9,18,0,25,0,25,11,17,10,16,11,21,0,25,19,27,6,10,0,25,11,19,0,25,0,25,10,20,0,25,5,9,0,25,20,29,0,25,0,25,4,7,0,25,0,25,0,25,5,9,0,25,0,25,49,41,21,15,40,26,21,21,5,9,0,25,0,25,0,25,22,34,38,54,0,25,34,35,14,24,10,17,13,20,0,25,4,8,3,9,18,21,3,6,73,33,20,27,43,31,0,25,33,33,16,18,0,25,6,9,0,25,0,25,15,29,17,26,0,25,0,25,0,25,0,25,0,25,0,25,0,25,0,25,8,16,0,25,0,25,0,25,0,25,0,25,344,25,953,10,966,25,938,25,1774,33,2134,25,2839,25,2088,25,810,100,322,100,319,25,857,25,917,25,937,25,1738,25,2180,25,3016,25,2162,25,963,109,564,109,65,44,146,44,132,NA,50,37,261,56,160,54,54,60,45,57,28,41,0,25,85,45,103,58,108,51,99,56,245,73,113,56,109,56,26,26,0,25,9,15,35,46,390,140,508,134,579,153,48,40,74,59,0,25,22,26,187,80,805,155,808,169,138,66,328,107,74,55,94,44,107,53,655,147,731,141,120,56,309,103,123,57,62,54,237,101,1446,205,1881,222,425,94,762,138,556,119,89,52,140,64,834,123,1031,172,311,84,493,124,469,109,0,25,220,71,341,106,837,125,61,44,33,34,0,25,66,49,144,72,420,114,710,148,340,114,375,118,135,69,70,67,111,57,456,138,522,132,386,148,364,97,234,89,81,40,345,111,1085,180,2065,199,691,132,802,161,600,131,152,67,277,88,1241,156,1029,147,268,94,557,151,349,90,47492,2221,5187,589,4409,725,27358,783,20,26,63,75,72,77,154,90,17,21,86,73,85,80,25,29,18,27,8,13,23,27,8,13,0,25,0,25,0,25,0,25,293,115,140,76,171,73,214,101,189,82,166,87,347,108,338,100,240,106,439,113,497,129,522,118,486,118,131,73,78,42,36,32,354,99,304,97,336,133,378,136,328,124,239,84,357,116,151,60,321,133,506,114,490,108,971,164,493,117,383,97,374,127,239,99,179,80,340,105,442,155,502,133,412,110,343,95,278,86,306,95,131,56,400,114,434,115,514,105,267,88,56,38,118,59,64,36
"41009","Columbia County, Oregon",538,37,360,137,196,83,861,158,1198,43,1387,100,1262,202,1771,216,1774,82,1830,56,1833,190,908,180,1163,186,692,130,1029,139,989,169,586,103,447,97,310,99,533,92,160,69,237,109,720,104,1163,42,1438,104,1737,235,1546,224,1707,82,1943,74,1802,202,758,164,1392,207,699,152,845,143,1011,155,712,125,402,104,690,131,496,25,1251,52,1152,34,1241,45,2813,56,3364,42,3694,42,2524,29,1028,105,310,99,496,81,1063,25,1116,19,1310,84,2946,71,3385,37,3708,41,2511,16,1047,132,688,130,3,6,0,25,9,14,0,25,0,25,4,8,56,73,88,117,0,25,0,25,15,24,24,38,0,25,0,25,0,25,40,49,0,25,0,25,0,25,0,25,19,30,16,20,4,7,12,18,33,40,69,52,58,34,41,33,0,25,0,25,0,25,0,25,0,25,34,31,71,55,28,31,105,47,16,21,9,14,0,25,0,25,22,38,0,25,0,25,23,29,60,28,16,20,0,25,0,25,0,25,0,25,0,25,23,27,32,34,69,50,68,49,77,55,0,25,27,39,2,5,0,25,0,25,6,8,5,7,4,10,3,10,0,25,10,8,0,25,0,25,0,25,0,25,0,25,0,25,38,12,2,6,0,25,10,8,0,25,0,25,496,25,1158,25,1108,25,1203,25,2717,25,3295,25,3627,14,2511,22,1011,99,310,99,401,25,1063,25,1105,25,1216,25,2776,25,3277,25,3642,25,2498,25,1028,129,681,129,9,14,154,36,51,37,76,65,191,65,102,55,102,31,13,18,17,24,0,25,95,81,8,15,11,19,108,86,225,76,141,NA,92,33,15,17,19,30,7,10,36,34,343,109,770,146,700,163,90,71,16,20,0,25,89,58,158,76,1082,173,651,146,259,111,282,100,64,38,68,48,319,98,1006,168,715,130,250,84,555,148,120,58,28,28,500,128,2569,253,2355,247,718,147,981,207,357,88,108,52,283,80,1276,166,1091,165,324,106,453,124,518,194,3,6,201,95,564,132,677,159,108,56,97,54,0,25,60,47,71,48,577,145,1203,155,158,70,386,108,146,67,60,53,253,123,1034,199,929,213,318,102,420,121,269,93,226,76,444,120,2281,271,2224,267,870,218,1182,217,375,97,307,114,405,117,1571,199,1264,193,201,74,375,111,236,97,55146,2256,6598,784,4929,823,37576,1114,70,53,17,23,96,60,13,14,21,25,48,43,0,25,40,40,10,17,97,88,68,71,0,25,10,16,0,25,0,25,0,25,444,171,138,85,104,62,241,104,266,122,271,105,167,75,205,93,290,112,468,117,670,155,618,159,609,181,271,95,221,96,135,78,606,193,383,146,351,122,333,126,214,80,275,95,208,78,430,141,249,91,585,123,918,199,1372,215,937,175,488,126,531,133,322,127,219,68,286,87,318,104,599,146,417,102,346,83,337,110,327,98,187,74,648,172,471,95,462,100,221,69,154,91,93,52,46,42
"41011","Coos County, Oregon",630,110,372,137,210,122,1096,173,1806,125,1700,105,1586,231,1430,209,1776,102,2270,119,2112,276,1089,183,1832,234,1074,200,1416,205,1742,224,1238,186,870,184,796,162,684,98,203,95,482,177,998,172,1520,72,1664,84,1660,228,1373,211,1865,120,2361,129,2409,274,1416,227,1637,233,822,181,1555,184,2039,190,1465,230,1002,187,1089,204,441,4,1398,56,1579,99,1497,31,2709,51,3568,133,4675,51,3986,62,2034,165,779,165,536,95,1353,28,1403,46,1437,57,2678,58,3711,98,5055,46,4194,52,2373,204,923,189,84,90,110,79,28,42,0,28,16,20,19,29,10,15,47,63,4,7,0,28,0,28,78,111,0,28,8,14,40,41,50,49,0,28,12,15,0,28,7,11,58,41,32,41,29,42,8,8,102,83,74,54,132,54,14,17,21,30,0,28,0,28,31,34,28,30,54,32,96,46,99,57,175,49,83,55,29,32,42,55,0,28,53,47,0,28,47,36,27,30,14,16,7,10,0,28,0,28,6,10,16,27,41,50,26,28,48,38,70,47,48,27,77,10,36,30,46,38,29,28,0,28,0,28,0,28,3,5,0,28,0,28,0,28,16,25,0,28,0,28,0,28,0,28,0,28,5,9,0,28,40,18,0,28,0,28,0,28,0,28,439,28,1350,28,1411,28,1470,28,2659,28,3438,45,4604,8,3904,28,2025,163,770,163,434,28,1353,28,1362,28,1363,10,2631,28,3512,45,4997,24,4100,28,2284,189,923,189,78,68,131,80,247,119,157,90,163,101,229,69,146,62,95,63,28,33,9,15,147,76,176,98,69,51,95,64,82,64,313,84,100,50,124,55,89,53,0,28,175,194,466,196,827,175,660,202,60,60,103,93,17,26,144,107,500,183,1358,242,948,188,115,67,362,120,79,57,68,60,306,104,899,191,727,173,353,132,412,139,251,106,320,145,723,208,3253,308,2544,341,647,138,916,190,676,172,242,108,545,162,2197,275,1955,270,527,140,958,196,712,199,30,43,378,148,802,168,861,215,135,82,115,84,46,69,9,12,430,167,936,180,872,178,411,162,326,126,200,93,12,20,159,84,757,142,995,181,397,114,409,124,304,120,204,100,599,192,2876,305,3291,317,977,182,1056,186,685,207,119,51,773,158,2849,340,2435,254,586,128,673,184,537,175,39110,1423,11213,1190,8608,1203,42143,1691,267,136,21,23,88,54,101,98,80,82,48,72,32,38,39,43,31,34,55,56,11,20,0,28,0,28,0,28,0,28,0,28,554,208,221,76,272,120,345,142,291,119,492,181,213,88,337,150,234,106,545,177,658,178,527,182,474,137,186,83,86,62,204,111,952,192,724,173,527,158,807,213,335,100,667,202,444,154,397,114,787,230,832,176,929,218,1170,183,590,165,285,125,339,89,206,96,817,187,853,206,888,187,811,201,739,160,795,205,809,171,560,137,498,129,619,151,744,143,473,126,358,124,130,83,142,103,116,66
"41013","Crook County, Oregon",255,100,35,38,58,62,280,123,525,74,532,94,588,123,576,126,543,43,733,55,747,128,302,98,584,129,395,101,441,126,773,130,477,105,235,91,209,74,208,45,75,70,118,57,240,88,502,64,520,63,600,161,636,151,685,84,738,17,1049,157,309,103,550,132,426,124,537,111,611,116,410,96,298,97,348,113,241,96,351,98,450,49,496,84,1027,57,1173,19,1624,11,1595,26,687,74,209,74,158,22,386,16,471,61,486,38,1062,45,1273,22,1776,14,1509,37,654,107,338,111,0,22,0,22,0,22,0,22,0,22,4,8,0,22,0,22,0,22,0,22,0,22,25,50,0,22,0,22,0,22,35,49,0,22,0,22,0,22,0,22,0,22,0,22,0,22,0,22,29,31,79,54,0,22,0,22,0,22,0,22,0,22,0,22,0,22,0,22,0,22,16,19,27,27,15,19,18,28,0,22,0,22,0,22,0,22,0,22,0,22,0,22,0,22,6,11,0,22,0,22,0,22,1,2,0,22,0,22,12,19,8,13,0,22,7,11,0,22,0,22,0,22,0,22,0,22,0,22,5,11,0,22,0,22,0,22,0,22,0,22,0,22,0,22,9,16,0,22,0,22,0,22,0,22,0,22,0,22,0,22,232,98,351,98,421,22,429,22,956,22,1169,22,1617,22,1561,22,683,74,199,74,158,22,379,22,411,22,459,22,1032,22,1273,22,1768,22,1456,22,640,111,338,111,9,32,22,37,104,74,103,94,160,84,45,53,16,19,34,26,11,16,10,17,0,22,32,52,73,61,55,60,139,98,84,80,21,20,53,37,20,16,10,18,0,22,196,106,308,123,124,84,0,22,0,22,0,22,5,11,127,78,454,120,325,117,56,51,90,90,0,22,56,58,91,62,537,130,230,89,154,114,83,54,13,23,134,76,227,112,1094,196,595,130,275,96,437,151,147,73,150,82,278,101,848,150,555,134,160,88,244,94,295,107,0,22,119,71,269,116,225,95,28,40,0,22,0,22,22,53,78,55,431,101,339,110,78,60,56,48,18,29,27,53,188,115,274,117,460,120,159,93,92,64,36,31,51,50,182,97,1129,176,1026,169,331,112,460,135,152,93,70,49,284,120,1013,175,668,175,157,69,185,78,253,113,39583,5349,3757,555,2731,557,14727,729,0,22,54,51,12,21,15,19,116,84,25,50,0,22,0,22,0,22,17,28,24,42,0,22,0,22,0,22,0,22,0,22,118,79,76,59,115,69,137,83,203,114,196,98,60,59,54,49,90,76,157,83,228,100,321,160,213,97,36,36,14,22,0,22,338,134,157,85,239,119,197,94,205,100,300,129,158,78,193,75,153,89,376,131,365,101,295,85,147,74,175,90,144,94,52,42,266,117,187,84,324,152,310,121,218,94,260,95,320,146,201,113,162,71,186,74,295,96,323,128,239,106,36,33,25,30,28,35
"41015","Curry County, Oregon",146,88,200,108,106,81,200,114,481,75,442,62,392,133,553,159,553,53,765,61,838,186,438,145,664,171,380,129,809,179,830,166,482,124,444,127,424,137,52,48,162,106,68,84,241,117,474,75,462,71,486,145,557,139,571,36,791,40,977,172,535,152,721,178,411,122,874,157,819,177,717,159,371,130,495,144,100,77,432,77,431,65,426,61,879,103,1220,53,1887,44,1906,22,872,137,424,137,52,48,471,101,383,20,370,22,958,89,1319,32,2006,14,1994,43,1059,148,483,144,0,22,0,22,0,22,0,22,0,22,0,22,2,5,16,27,0,22,0,22,0,22,0,22,0,22,0,22,69,93,0,22,0,22,0,22,0,22,0,22,0,22,3,6,15,29,3,5,0,22,44,42,33,51,25,30,17,18,0,22,0,22,0,22,25,37,0,22,0,22,28,32,74,58,71,68,0,22,12,15,0,22,0,22,0,22,0,22,0,22,0,22,4,8,17,26,23,38,0,22,0,22,0,22,19,30,4,18,4,8,10,19,47,46,0,22,0,22,0,22,0,22,0,22,0,22,0,22,0,22,0,22,0,22,0,22,0,22,0,22,0,22,0,22,0,22,0,22,0,22,5,12,0,22,0,22,0,22,0,22,100,77,432,77,371,22,379,22,777,22,1162,22,1848,22,1888,22,857,137,424,137,52,48,383,48,369,22,370,22,806,22,1282,22,1998,22,1941,22,1040,144,451,144,0,22,32,50,60,65,47,61,110,101,112,71,72,60,24,24,15,17,0,22,0,22,88,85,14,20,27,47,164,86,37,32,42,49,63,45,19,21,32,34,0,22,274,123,231,111,131,71,14,23,2,4,0,22,3,6,76,50,465,115,220,95,53,41,106,83,0,22,21,37,99,80,340,147,376,132,25,27,40,40,44,48,122,89,256,139,927,208,791,203,348,138,547,225,267,114,188,101,109,62,722,163,1055,178,333,137,559,171,403,104,0,22,86,76,268,135,143,94,0,22,26,41,0,22,25,37,54,42,302,131,302,88,81,84,161,101,11,15,0,22,94,74,202,91,339,114,146,72,182,143,80,50,66,50,209,104,930,187,1043,213,464,160,523,134,360,122,160,115,352,131,1017,181,1110,193,145,67,478,170,425,132,38661,3198,3382,617,2784,485,16042,734,55,81,0,22,0,22,0,22,16,29,0,22,0,22,20,39,0,22,0,22,0,22,12,20,0,22,0,22,0,22,0,22,55,41,54,62,217,145,83,53,130,78,83,56,256,129,44,51,146,112,142,98,284,136,165,95,110,67,29,28,37,38,20,21,333,137,187,94,257,123,191,85,240,86,89,65,186,110,177,108,89,48,404,148,427,152,441,132,451,159,151,81,143,80,56,75,415,171,414,125,510,185,576,134,530,162,231,92,226,100,217,109,270,114,208,76,407,148,184,74,250,112,37,35,124,72,17,28
"41017","Deschutes County, Oregon",1699,139,1105,318,574,212,2768,375,5121,146,5500,113,5326,435,5823,444,5295,94,5493,90,5870,482,2560,400,3472,403,2690,329,2891,336,4063,370,2438,239,1152,216,1579,279,1545,126,779,217,684,216,2886,286,4997,148,5564,141,5271,429,5813,446,5688,162,5975,164,6828,417,2519,349,3949,454,2825,352,2883,332,4233,394,2454,259,1806,242,2023,240,1597,139,3965,126,4671,80,5072,138,10348,138,10246,128,11447,72,9367,72,3508,274,1549,272,1410,139,3742,146,4642,98,5225,50,10207,163,10924,116,12808,75,9607,66,4179,250,2023,240,0,28,41,63,38,52,11,18,68,72,51,47,26,46,24,36,31,40,0,28,0,28,0,28,124,118,21,37,0,28,22,37,23,36,14,21,0,28,0,28,0,28,45,65,5,12,28,36,157,108,95,82,91,58,71,41,6,10,0,28,0,28,25,37,20,37,37,45,135,100,6,11,37,44,45,58,37,37,0,28,19,32,58,49,72,58,107,87,159,74,32,37,58,56,39,45,0,28,0,28,17,21,110,63,54,62,67,58,197,92,193,110,160,86,54,64,0,28,0,28,0,28,52,84,0,28,0,28,38,42,0,28,0,28,0,28,0,28,0,28,0,28,21,38,0,28,6,13,0,28,36,44,16,30,8,14,0,28,0,28,1416,28,3629,28,4319,28,4709,28,9633,55,9857,5,11236,28,9171,39,3489,273,1545,273,1209,63,3464,71,4250,28,4762,7,9575,51,10557,5,12483,28,9390,28,4139,239,2021,240,220,137,506,137,530,NA,519,NA,962,NA,629,NA,324,NA,228,51,43,50,4,6,276,126,492,126,507,NA,508,NA,952,NA,676,NA,416,NA,266,37,40,38,2,3,64,63,868,212,1580,410,2735,433,444,209,442,179,13,21,315,208,850,256,3354,530,2960,454,810,269,1884,325,448,147,179,135,687,240,2434,365,2861,452,998,207,2741,451,1249,252,361,132,1122,286,5135,588,6083,570,2026,323,4750,549,3213,453,335,145,876,222,3566,461,3476,400,771,195,3239,323,2550,370,18,32,909,291,1452,329,2445,408,359,164,670,274,41,48,174,135,444,180,2093,348,3205,437,1284,351,2480,381,881,207,349,195,287,153,1774,397,2740,384,1356,315,3041,380,1537,368,182,115,1093,257,5691,553,7086,502,2768,378,4766,432,3373,445,294,122,1011,237,4777,420,4469,433,1150,269,2663,346,1860,311,54211,1952,23622,2123,14933,1500,131215,2654,297,149,120,98,98,88,212,114,113,76,217,133,126,81,206,114,185,132,188,109,150,103,134,82,48,63,0,28,3,4,0,28,986,312,624,209,772,277,1354,321,1150,302,929,251,797,222,1174,220,836,249,1635,326,2431,464,3068,412,1979,383,1114,309,697,212,991,289,2027,419,930,241,918,238,1255,255,1018,221,852,219,1297,311,1155,285,1038,229,1939,336,3137,414,3963,474,2485,386,1752,317,1347,280,1435,330,1040,201,1293,282,1450,278,1193,235,1442,320,1320,290,1211,252,1183,248,816,230,1442,281,1768,290,1809,277,1071,184,631,195,523,167,506,144
"41019","Douglas County, Oregon",1241,115,584,216,565,206,1745,278,2841,27,2746,120,2597,260,2893,264,3138,119,3535,98,3765,267,1778,252,2793,283,1887,240,2203,249,2997,279,2257,204,1502,207,1179,181,925,78,721,206,588,182,1321,236,2978,64,2892,104,2419,299,2974,327,3235,91,3842,43,4120,285,2076,254,2673,273,1979,225,2059,224,3239,287,2361,236,1877,247,1857,249,1111,104,2554,99,2628,51,2562,94,5121,98,6142,55,7958,44,6745,46,3684,184,1152,184,824,47,2498,60,2622,46,2529,55,5050,32,6509,47,8387,39,6859,37,4131,248,1793,247,0,28,43,37,0,28,10,15,66,55,0,28,8,11,10,18,4,7,0,28,0,28,23,35,23,28,24,32,0,28,15,24,0,28,5,8,0,28,0,28,33,45,39,35,87,57,30,32,47,50,123,49,95,48,45,33,21,23,19,26,11,20,9,13,107,58,52,60,40,30,143,48,95,57,96,64,25,26,17,26,12,21,17,27,0,28,9,15,21,30,126,89,60,55,89,57,7,16,0,28,0,28,7,12,65,45,133,78,0,28,140,88,70,44,96,51,24,34,13,21,6,12,0,28,0,28,5,8,2,4,21,23,8,12,12,18,0,28,4,11,0,28,0,28,6,12,0,28,0,28,0,28,0,28,0,28,0,28,0,28,963,28,2406,28,2499,28,2425,28,4819,28,5947,28,7772,28,6635,11,3601,185,1140,185,776,28,2280,28,2451,28,2412,28,4788,28,6341,12,8217,28,6765,28,4078,247,1793,247,174,100,191,99,211,NA,166,93,333,93,273,NA,243,NA,138,45,83,41,27,30,65,54,249,54,218,NA,204,NA,309,NA,290,NA,260,NA,150,NA,60,40,44,40,22,31,870,184,1654,259,1308,229,173,96,108,113,0,28,77,50,468,179,1982,262,1663,289,546,151,498,179,353,153,142,93,617,174,1694,279,1517,225,594,178,615,184,311,132,320,116,1185,199,5271,434,4437,391,1359,226,1560,257,877,180,518,142,1178,194,3762,357,3405,379,821,156,1421,214,920,187,46,64,572,145,1102,218,1374,215,317,156,118,93,26,44,63,44,332,114,1531,207,2230,233,537,148,626,163,551,157,145,79,265,96,1440,223,1820,295,790,224,553,186,380,149,242,98,841,193,4903,381,5384,378,2000,312,1578,220,998,189,709,167,1473,217,4926,359,3946,348,712,169,1016,180,590,125,42052,1597,19701,1438,10951,1241,75212,1879,260,155,126,92,119,97,20,32,117,103,42,35,47,34,84,65,40,40,41,44,178,149,26,37,31,51,0,28,0,28,0,28,951,249,593,186,688,216,691,190,620,173,525,206,470,136,847,229,425,132,815,197,1348,310,1430,303,410,124,288,98,192,90,281,135,1118,183,963,192,1026,237,831,232,947,210,1090,272,933,217,700,184,528,135,1587,270,1789,255,2272,299,1350,231,571,170,471,172,419,170,848,184,1402,257,1536,237,1323,232,1181,203,1407,282,1017,172,927,187,741,152,1384,248,1532,259,1266,246,462,135,280,91,181,76,150,75
"41021","Gilliam County, Oregon",30,28,25,20,10,13,14,13,11,12,44,16,50,21,29,25,50,18,93,24,82,27,22,13,52,23,37,21,24,10,60,22,42,16,26,12,18,14,1,4,0,12,14,9,26,20,30,17,64,17,51,21,47,24,67,31,28,12,86,23,37,20,40,19,17,13,42,19,58,24,45,12,23,11,62,32,30,28,43,22,3,4,44,16,60,21,141,30,144,26,116,25,68,20,18,14,1,4,40,21,20,12,64,17,98,24,95,32,163,26,117,27,62,15,62,32,0,12,6,9,0,12,0,12,0,12,0,12,0,12,0,12,0,12,0,12,0,12,0,12,0,12,0,12,0,12,0,12,0,12,0,12,0,12,0,12,0,12,0,12,8,11,0,12,0,12,2,3,12,16,5,6,0,12,0,12,0,12,0,12,0,12,0,12,0,12,0,12,0,12,0,12,0,12,0,12,0,12,0,12,0,12,0,12,0,12,0,12,0,12,0,12,0,12,0,12,0,12,0,12,0,12,0,12,0,12,0,12,0,12,0,12,0,12,0,12,0,12,0,12,0,12,0,12,0,12,0,12,0,12,0,12,0,12,0,12,0,12,0,12,10,13,0,12,0,12,0,12,0,12,0,12,0,12,0,12,16,16,43,22,3,4,44,16,60,21,128,25,144,26,116,25,68,20,18,14,1,4,40,21,20,12,55,13,90,22,66,18,163,26,117,27,62,15,43,20,14,23,0,12,0,12,0,12,19,28,13,17,0,12,0,12,0,12,0,12,0,12,0,12,0,12,9,12,8,11,29,26,0,12,0,12,6,8,19,25,8,11,32,28,25,20,8,12,0,12,0,12,6,9,4,6,0,12,14,10,10,9,8,10,16,14,3,6,0,12,6,10,43,26,12,12,11,11,0,12,7,9,15,17,10,9,110,33,109,31,17,9,22,16,16,10,7,6,17,12,75,26,63,22,15,13,25,12,5,8,0,12,9,10,16,12,5,8,11,15,0,12,0,12,2,3,0,12,18,14,35,21,14,12,20,16,5,5,0,12,0,12,43,18,36,21,7,8,12,11,0,12,12,16,31,16,92,36,62,18,10,7,33,15,18,14,0,12,31,26,110,28,46,16,14,8,40,25,6,5,40556,5814,213,86,288,94,1401,167,0,12,0,12,16,16,6,8,0,12,0,12,7,10,0,12,0,12,0,12,0,12,0,12,0,12,0,12,0,12,0,12,9,9,0,12,0,12,0,12,6,9,8,12,25,17,11,10,15,14,10,11,10,11,18,11,19,12,4,7,2,3,0,12,35,23,9,11,16,14,26,27,22,17,24,16,13,13,13,10,17,18,16,14,39,19,44,18,39,17,18,13,3,4,11,11,9,6,47,23,13,8,23,13,35,19,26,17,15,14,6,6,13,10,30,14,30,18,22,14,8,5,0,12,0,12,0,12
"41023","Grant County, Oregon",61,36,20,27,37,33,95,50,171,33,157,6,118,35,191,36,166,15,251,15,301,59,174,61,214,80,122,75,184,52,252,68,149,42,124,49,145,43,58,35,0,17,11,17,107,32,174,30,165,13,173,54,192,82,186,9,260,14,333,57,130,44,208,59,128,46,136,44,257,63,245,46,75,31,110,44,59,35,139,33,159,33,157,6,302,17,402,15,661,66,552,3,258,43,145,43,43,30,114,30,145,17,154,7,365,57,409,3,642,17,505,17,314,44,110,44,0,17,0,17,5,9,0,17,7,14,0,17,1,2,0,17,4,10,0,17,0,17,0,17,0,17,0,17,0,17,0,17,0,17,0,17,0,17,0,17,0,17,5,7,0,17,0,17,0,17,4,6,18,21,2,3,3,6,0,17,0,17,0,17,0,17,0,17,0,17,3,4,10,12,3,6,0,17,0,17,0,17,0,17,0,17,0,17,0,17,0,17,0,17,0,17,0,17,0,17,0,17,0,17,0,17,3,4,0,17,7,8,0,17,0,17,4,7,0,17,0,17,0,17,0,17,0,17,0,17,0,17,0,17,0,17,0,17,0,17,0,17,0,17,0,17,0,17,0,17,0,17,0,17,0,17,0,17,0,17,56,33,139,33,140,17,154,17,302,17,395,17,602,17,550,17,258,43,145,43,43,30,114,30,145,17,149,17,317,17,409,3,642,17,505,17,314,44,110,44,3,6,0,17,19,33,3,6,0,17,7,15,59,66,3,5,0,17,0,17,0,17,0,17,0,17,5,7,48,57,2,4,5,6,2,6,0,17,0,17,0,17,51,35,66,40,84,42,4,5,8,15,0,17,18,19,14,14,95,33,109,46,30,19,43,23,19,13,7,7,24,20,121,59,70,43,11,13,43,31,33,33,35,33,121,44,304,61,325,93,115,62,118,50,88,58,47,24,96,41,306,69,239,65,71,35,107,37,110,83,0,17,21,19,57,33,45,30,22,20,31,34,0,17,15,20,8,11,106,37,88,30,24,20,60,36,38,37,7,11,29,39,84,48,88,44,71,61,27,21,59,28,3,4,62,26,380,74,281,68,145,67,166,47,80,39,18,15,65,39,351,73,214,53,101,60,94,38,108,64,40193,4678,1059,238,996,201,5055,256,8,15,25,26,5,7,49,42,0,17,4,6,0,17,0,17,0,17,8,12,0,17,0,17,0,17,0,17,0,17,0,17,84,68,17,15,28,19,66,32,48,34,33,21,33,24,49,27,42,22,59,34,64,34,86,39,20,18,68,68,0,17,23,22,107,37,72,31,81,34,44,25,63,32,53,25,99,68,73,33,29,16,164,52,104,44,177,63,88,63,74,37,6,7,11,9,84,36,113,34,92,34,124,42,93,35,103,57,41,24,35,16,84,56,29,15,102,42,94,40,55,55,5,5,28,22,5,7
"41025","Harney County, Oregon",66,43,16,33,6,15,243,52,171,22,162,15,223,50,150,46,179,14,253,22,304,61,125,49,168,49,74,29,187,52,225,58,214,32,46,25,28,18,137,39,19,22,17,23,42,31,187,35,177,7,232,62,197,55,192,9,252,15,255,62,164,58,173,58,126,49,152,47,186,51,84,36,168,57,101,50,65,44,235,36,142,6,158,15,333,16,402,15,551,7,457,32,256,18,28,18,132,37,47,35,178,32,173,17,354,33,421,8,557,29,432,23,246,49,97,49,0,17,14,29,0,17,0,17,0,17,10,17,2,5,0,17,0,17,0,17,0,17,0,17,0,17,0,17,11,10,0,17,0,17,3,7,0,17,0,17,1,3,5,8,8,13,4,6,13,9,13,11,8,8,5,6,4,7,0,17,1,3,2,4,5,7,2,2,39,41,6,8,22,13,19,14,6,8,2,3,0,17,11,25,0,17,0,17,0,17,0,17,14,18,0,17,0,17,0,17,0,17,0,17,0,17,0,17,0,17,7,13,0,17,0,17,0,17,0,17,0,17,0,17,0,17,0,17,6,11,0,17,0,17,0,17,0,17,0,17,0,17,0,17,4,8,0,17,0,17,0,17,0,17,0,17,0,17,0,17,23,26,221,26,140,17,145,17,323,17,392,3,549,7,436,13,256,18,28,18,132,37,47,35,161,17,173,17,316,17,418,6,536,7,414,17,246,49,97,49,42,35,14,30,2,6,13,15,15,21,12,16,2,4,26,24,0,17,0,17,0,17,0,17,19,32,2,7,38,33,6,8,26,24,18,23,0,17,0,17,34,43,40,36,129,93,122,76,3,5,3,6,0,17,8,13,13,13,65,37,113,49,27,29,74,37,33,31,40,38,5,6,101,43,101,47,32,21,23,20,71,48,28,28,73,36,359,82,287,88,170,77,66,35,46,34,45,32,33,23,314,69,235,52,39,22,68,49,40,28,0,17,10,17,155,48,32,27,18,23,0,17,0,17,5,9,51,35,80,37,117,51,13,14,67,35,31,32,23,26,26,31,104,39,111,56,36,21,79,35,50,27,31,33,86,60,390,88,236,79,134,56,103,48,56,33,12,10,59,32,414,60,215,61,31,27,74,47,12,11,38431,2399,1166,269,887,189,5057,327,30,49,2,3,0,17,0,17,14,25,0,17,78,82,0,17,0,17,0,17,6,10,0,17,4,6,0,17,0,17,0,17,75,43,35,39,69,49,74,43,39,23,15,15,48,34,52,41,67,53,70,49,67,39,82,41,70,41,3,4,17,26,11,9,64,40,60,35,95,43,56,33,69,42,86,61,114,61,41,22,28,17,108,56,188,69,167,63,62,31,56,48,16,17,22,20,45,18,48,30,127,56,114,52,94,41,126,65,46,30,12,8,29,21,49,33,58,40,72,45,17,17,19,16,14,15,29,24
"41027","Hood River County, Oregon",279,116,59,52,187,91,474,157,752,52,783,181,591,146,860,185,768,22,790,22,731,127,357,139,439,113,283,99,229,88,461,121,242,66,133,60,172,92,213,112,19,35,240,122,394,125,659,46,722,124,751,139,702,151,765,30,831,45,839,142,376,119,300,86,284,88,273,112,420,110,309,81,205,71,309,95,244,97,583,151,613,52,707,174,1250,151,1432,84,1398,99,886,76,375,75,139,75,213,112,515,147,528,55,646,109,1263,125,1454,57,1447,69,868,60,497,88,283,88,0,22,0,22,0,22,45,69,0,22,0,22,0,22,0,22,0,22,0,22,0,22,0,22,0,22,0,22,0,22,0,22,12,18,0,22,0,22,0,22,0,22,33,38,0,22,0,22,21,38,0,22,30,34,9,17,0,22,0,22,0,22,0,22,33,38,0,22,30,50,44,41,17,24,25,44,10,17,0,22,0,22,41,48,42,49,0,22,0,22,0,22,0,22,49,35,0,22,33,41,0,22,15,34,0,22,0,22,40,50,20,22,31,34,19,24,0,22,26,29,0,22,0,22,0,22,0,22,0,22,0,22,0,22,0,22,0,22,0,22,0,22,0,22,0,22,0,22,0,22,0,22,0,22,0,22,7,10,0,22,115,22,312,22,387,22,444,22,909,22,1113,22,1209,22,769,22,375,75,139,75,123,90,304,90,353,22,477,22,946,22,1154,22,1253,22,803,22,497,88,283,88,146,112,334,112,298,NA,294,170,494,170,440,NA,247,85,139,85,0,22,0,22,90,69,334,69,257,NA,230,123,467,123,349,NA,194,69,101,69,0,22,0,22,104,77,131,86,434,164,258,125,49,36,15,20,8,14,187,82,330,194,286,121,247,99,146,83,256,74,83,44,229,133,149,113,294,133,159,71,34,34,393,140,193,103,480,114,170,62,824,153,592,116,213,75,554,123,252,85,170,86,42,32,418,107,270,95,64,50,314,99,242,100,0,22,152,101,226,104,340,128,0,22,86,72,62,75,102,78,66,58,273,110,332,154,141,76,329,86,138,81,132,99,186,128,332,152,130,70,83,54,354,119,236,107,305,142,205,98,828,187,651,163,242,82,538,132,342,108,101,61,164,89,560,116,517,112,66,48,207,86,185,85,56581,3351,3006,674,2568,629,17016,802,15,26,0,22,41,52,60,86,43,55,0,22,0,22,54,75,16,26,58,63,38,64,0,22,0,22,0,22,22,33,0,22,122,89,37,40,95,101,31,36,153,97,258,148,53,52,151,94,85,63,278,109,195,93,432,164,144,68,104,61,89,63,157,86,164,86,120,93,118,92,113,62,43,39,115,81,130,65,148,78,185,91,285,85,427,105,635,156,297,107,195,83,256,97,99,43,52,38,93,54,244,94,118,76,186,82,158,87,53,45,116,74,148,74,208,78,191,97,211,94,124,65,86,75,32,25,132,68
"41029","Jackson County, Oregon",2367,85,1224,233,1059,245,3925,324,6609,162,6259,74,5218,472,6540,469,6016,138,6869,113,6897,409,3325,352,4508,413,2818,294,3975,357,4881,414,3206,282,2224,281,2364,309,2446,109,1267,234,989,258,3992,324,6412,145,6287,120,5793,396,6432,389,6075,101,7159,72,8219,409,3184,385,5033,421,3158,313,4501,305,5127,384,3596,350,2866,291,3860,325,2139,67,5488,119,5839,130,5541,139,10551,146,11974,79,13939,109,11131,73,5257,287,2254,283,2104,67,5569,103,5835,109,5631,104,10754,123,12372,113,15556,83,12204,55,6326,326,3781,325,19,31,78,75,175,140,66,68,81,87,189,83,94,58,75,55,22,31,0,28,27,37,9,12,29,38,18,25,56,54,27,31,25,29,66,44,0,28,0,28,39,40,55,59,51,69,81,53,77,61,67,53,112,52,67,45,53,29,13,20,23,29,16,20,150,118,56,39,116,78,26,26,137,77,94,50,13,19,4,8,18,30,22,18,129,74,55,37,150,78,137,73,91,71,87,76,9,15,83,104,22,39,91,72,94,66,98,39,269,93,147,78,242,56,173,73,52,49,0,28,0,28,13,23,83,99,0,28,47,45,11,20,0,28,42,52,0,28,0,28,0,28,14,24,0,28,93,114,109,81,28,37,0,28,0,28,22,41,0,28,1750,28,4565,28,4922,28,4787,27,9365,15,10993,28,13426,28,10823,42,5110,286,2233,282,1760,28,4740,50,5043,24,4880,38,9622,12,11511,28,14932,27,11904,28,6169,322,3700,322,473,NA,1169,NA,1124,NA,1079,NA,1635,NA,1219,NA,802,NA,397,NA,172,25,21,25,457,NA,1013,NA,934,NA,904,NA,1535,NA,1193,NA,770,NA,380,NA,174,68,85,68,93,77,1422,298,3292,357,3097,397,270,125,383,186,18,28,699,213,1378,281,4354,438,3635,413,693,176,1536,325,573,170,404,157,1337,321,2974,378,3505,397,902,234,1630,276,1006,245,1067,219,1525,268,8106,582,7864,561,2032,310,4537,429,2484,340,645,198,1178,217,4504,423,5038,351,1217,238,3525,352,3361,311,126,86,1116,275,2940,384,3503,419,459,169,439,129,111,96,401,145,894,223,2893,386,4551,455,1313,323,1795,307,852,190,721,183,686,167,2561,360,3562,415,912,183,2471,347,1312,228,757,191,1773,312,7677,510,8647,587,2660,300,5218,484,2938,364,927,254,2177,329,7395,533,5511,463,1398,222,3328,342,2372,292,46343,1227,37595,2290,23619,1645,147342,2488,564,234,454,174,317,138,222,99,152,77,254,83,237,113,147,101,175,111,202,121,206,128,142,111,47,45,0,28,0,28,9,14,1722,317,1123,304,1258,303,1382,307,1483,315,1141,244,1185,243,1383,342,1015,252,1797,377,2786,410,2773,363,1802,320,947,244,530,156,595,184,2973,377,1545,290,1228,247,1198,224,1452,321,1540,277,1510,273,1347,263,1576,292,2796,366,3564,462,3689,415,2951,361,1445,208,1229,243,972,171,1497,286,2169,297,2582,307,1679,260,2300,304,1756,275,1663,267,1448,228,1364,201,2365,312,2262,308,2647,309,1083,195,873,204,615,149,601,154
"41031","Jefferson County, Oregon",301,90,152,80,113,53,425,108,735,22,665,97,793,188,611,143,744,75,721,95,744,140,235,75,493,129,189,49,505,107,535,85,396,62,137,50,183,66,319,113,122,72,110,72,309,86,593,71,568,2,482,117,646,89,673,80,779,92,926,157,249,69,486,111,315,104,437,84,515,78,342,52,152,48,210,54,124,22,425,84,468,38,433,81,851,54,1099,88,1224,26,1110,5,487,61,162,61,219,114,276,85,344,65,356,38,715,49,1114,84,1371,129,1082,18,472,52,192,52,0,22,5,11,31,30,10,20,0,22,68,57,10,20,0,22,0,22,0,22,0,22,0,22,2,3,0,22,3,6,24,20,0,22,5,7,0,22,0,22,41,25,199,29,190,16,124,26,241,17,200,47,128,39,81,27,28,19,0,22,87,43,177,41,161,30,115,45,212,27,207,14,208,51,111,25,22,23,12,15,0,22,0,22,0,22,0,22,15,21,10,16,21,14,4,8,0,22,0,22,0,22,0,22,8,11,0,22,19,19,18,13,2,2,4,7,0,22,6,13,0,22,11,16,0,22,0,22,0,22,0,22,0,22,0,22,0,22,9,21,0,22,0,22,9,12,0,22,21,27,0,22,0,22,0,22,0,22,0,22,124,22,335,22,369,22,342,22,769,11,988,22,1196,22,1107,22,487,61,162,61,95,75,262,75,294,22,281,22,628,22,950,22,1210,22,1066,22,472,52,192,52,136,85,131,85,175,NA,157,94,364,109,173,99,63,47,37,63,18,27,0,22,159,88,106,94,116,70,139,NA,245,87,247,87,244,118,61,75,13,21,0,22,0,22,325,101,403,102,233,105,30,34,0,22,0,22,29,21,165,83,605,110,357,98,130,77,87,46,27,32,143,80,159,72,343,112,413,129,160,101,143,81,43,49,111,54,437,115,862,164,853,133,251,90,352,104,71,45,56,36,169,61,575,109,418,85,178,62,330,83,219,86,0,22,117,48,297,131,431,130,6,10,9,14,0,22,11,11,236,96,289,87,405,108,63,53,111,56,46,32,150,88,78,68,275,92,332,86,148,95,100,51,45,32,285,130,260,101,789,118,874,143,343,111,388,153,174,70,55,51,137,49,668,114,655,144,165,57,196,73,95,38,47063,3154,4355,625,2524,458,14625,650,11,14,6,10,26,28,26,28,0,22,4,7,5,7,30,34,0,22,19,19,80,100,82,56,0,22,0,22,10,15,0,22,261,100,41,42,84,67,86,56,130,61,150,71,55,41,194,95,135,103,198,100,179,80,210,83,108,55,44,37,42,37,7,8,101,39,161,71,146,70,254,128,221,103,242,91,132,59,89,53,143,73,288,82,443,142,447,103,135,59,147,68,61,34,56,44,88,42,126,55,172,64,123,43,185,65,217,97,148,67,126,58,75,32,139,53,281,77,293,81,142,60,109,78,37,28,27,20
"41033","Josephine County, Oregon",841,118,524,207,334,150,1470,276,2085,134,2018,115,2019,287,2360,245,2364,97,2608,65,3098,325,1129,233,2108,246,1501,298,1808,238,2431,236,1848,239,1134,200,883,188,825,86,395,124,548,157,961,175,1971,117,1975,43,1966,274,2370,257,2615,152,3007,148,3548,312,1201,224,2485,266,1602,238,2306,258,2248,247,2018,261,1310,240,1610,234,727,60,2030,108,1918,104,1772,44,3976,89,4759,46,6033,27,5460,62,2940,198,883,188,684,80,1806,84,1805,40,1884,52,3973,135,5115,130,6827,24,5981,44,3193,246,1604,235,0,28,37,42,21,36,24,29,47,42,0,28,60,36,14,21,8,14,0,28,0,28,0,28,4,6,0,28,40,40,6,12,8,10,14,21,0,28,6,9,5,11,120,122,23,35,37,60,101,119,54,50,68,65,92,105,17,29,0,28,0,28,3,6,0,28,33,48,63,84,67,84,86,73,54,45,20,32,0,28,31,50,0,28,15,25,0,28,68,63,28,31,38,32,14,17,5,12,0,28,0,28,0,28,12,20,19,29,60,54,80,54,138,59,26,28,20,24,0,28,0,28,0,28,0,28,0,28,0,28,0,28,3,6,0,28,0,28,0,28,0,28,0,28,0,28,0,28,0,28,1,4,1,4,0,28,0,28,0,28,678,28,1803,28,1795,28,1720,28,3628,28,4532,16,5830,28,5335,28,2845,188,883,188,601,28,1686,28,1758,28,1761,28,3715,28,4872,37,6594,28,5814,28,3139,237,1571,237,54,62,348,89,186,114,186,90,440,90,282,NA,225,NA,157,61,95,61,0,28,169,75,170,75,141,84,186,NA,265,135,365,135,253,NA,199,51,54,47,33,29,119,102,610,188,1242,291,998,233,149,176,51,49,0,28,207,105,324,162,1863,240,1055,234,173,84,346,187,135,72,80,58,584,187,1510,275,1218,236,240,110,508,154,239,109,168,100,1263,289,3592,445,3166,361,1190,238,1136,236,792,203,334,137,782,161,2802,336,2854,301,644,156,1182,206,1007,203,107,90,408,171,1003,224,982,187,127,110,102,87,0,28,77,79,251,120,1266,233,1352,220,434,150,396,136,170,92,33,32,181,98,1350,276,1413,264,414,130,572,173,373,140,277,137,1199,293,3708,352,4186,356,1305,250,1416,263,765,180,291,109,863,156,3842,321,3710,324,782,185,943,199,663,206,37867,1700,16177,1219,13500,1341,53402,1526,118,75,57,53,99,96,99,73,112,110,76,60,139,94,43,63,10,15,134,109,130,121,68,69,12,19,0,28,11,18,0,28,847,210,600,205,506,179,273,130,693,245,534,177,342,140,408,147,281,131,655,207,840,211,654,183,340,145,151,76,191,103,324,161,1698,313,653,195,485,146,893,210,741,233,1013,276,692,226,582,149,563,184,908,227,1580,264,1602,234,793,223,313,125,256,112,414,126,617,180,1473,281,1498,319,1210,251,963,223,994,176,730,180,757,165,513,156,819,155,1253,259,1047,214,497,130,159,77,187,95,128,64
"41035","Klamath County, Oregon",910,69,419,151,476,139,1268,192,2070,37,1769,64,1644,180,2034,223,1967,72,2175,59,2354,197,1065,181,1380,182,925,171,1086,171,1792,206,1026,154,684,154,622,142,738,94,453,135,443,130,1112,156,2000,54,1785,47,1671,183,1846,175,1937,27,2349,53,2267,222,1171,217,1638,233,812,134,1290,184,1673,186,938,141,844,133,1019,144,718,40,1913,47,1846,34,1633,30,3184,47,3615,56,4406,40,3576,56,1610,152,595,141,601,75,1741,85,1732,49,1562,46,3131,52,3776,59,4679,36,3579,39,1671,137,974,140,3,6,23,36,18,23,0,28,49,40,19,27,41,32,27,29,9,13,0,28,0,28,20,31,0,28,16,24,11,18,33,33,0,28,30,47,8,13,0,28,64,39,85,61,104,26,56,51,81,55,181,37,189,35,60,34,33,19,20,19,15,20,78,56,69,35,65,31,76,50,156,50,199,42,48,37,58,26,14,20,0,28,0,28,8,15,0,28,82,67,28,34,26,25,6,8,39,40,0,28,8,13,0,28,23,53,35,38,38,28,92,30,34,26,12,16,26,24,0,28,0,28,0,28,11,14,0,28,8,9,6,9,13,15,0,28,0,28,0,28,0,28,0,28,0,28,5,8,0,28,9,14,24,21,0,28,0,28,0,28,615,5,1565,28,1536,28,1373,9,2797,28,3342,22,4218,28,3465,9,1539,141,594,141,511,28,1467,28,1494,28,1380,28,2789,16,3551,28,4469,28,3440,5,1654,137,970,138,162,NA,397,NA,352,NA,292,NA,484,NA,389,NA,264,NA,145,59,71,59,1,3,136,78,358,78,302,NA,236,NA,450,NA,352,NA,250,NA,152,34,19,18,29,28,10,27,604,142,984,174,1193,199,165,109,117,70,0,28,75,51,433,138,1181,200,1300,235,308,106,413,139,129,70,103,49,378,124,1112,175,1074,193,309,91,456,115,246,102,420,114,651,135,2770,292,2372,258,963,236,963,139,802,160,299,97,531,131,1903,225,1665,193,585,166,593,149,559,126,8,14,377,110,703,170,1338,200,161,85,136,72,23,35,59,39,321,127,845,145,1216,186,654,168,480,127,210,85,213,87,253,112,1038,193,820,167,303,96,539,136,351,86,295,98,780,145,2779,257,2571,272,1141,228,1092,170,704,144,241,86,649,153,2431,269,1666,204,462,118,757,159,370,91,41951,1972,12117,1007,9045,1096,43912,1246,279,109,245,105,71,53,157,80,138,81,63,50,89,59,35,31,90,81,84,78,92,72,63,62,0,28,0,28,12,19,0,28,636,175,452,156,446,135,522,153,437,151,480,135,443,142,270,98,675,151,682,171,611,171,858,157,439,140,222,80,123,55,109,55,770,145,681,166,500,172,499,145,546,131,419,119,547,124,535,127,525,143,966,231,920,161,1218,216,639,132,527,137,440,128,245,104,461,121,702,142,834,168,610,106,755,156,608,132,605,149,472,101,396,109,712,149,743,156,674,155,320,104,146,71,144,65,102,49
"41037","Lake County, Oregon",131,68,27,31,29,36,85,39,235,43,228,42,226,59,261,53,280,34,309,29,320,77,185,68,201,54,165,60,189,66,219,68,123,44,114,54,125,66,80,50,0,17,43,44,126,53,154,18,153,18,201,52,151,41,239,55,278,32,351,76,85,43,183,73,140,54,172,70,208,70,121,52,126,60,95,39,103,43,133,45,181,17,214,42,450,24,531,19,657,17,521,20,237,66,125,66,80,50,135,59,138,17,144,15,331,19,429,8,592,28,475,8,247,39,95,39,22,37,8,16,7,16,0,17,0,17,7,14,0,17,0,17,0,17,0,17,0,17,0,17,0,17,0,17,0,17,0,17,0,17,0,17,0,17,0,17,0,17,0,17,0,17,0,17,0,17,0,17,8,12,12,13,0,17,0,17,0,17,19,28,12,17,0,17,0,17,20,28,5,6,14,19,0,17,0,17,0,17,0,17,8,15,0,17,0,17,0,17,0,17,20,26,0,17,0,17,0,17,6,11,0,17,9,9,6,8,10,13,0,17,0,17,0,17,0,17,0,17,0,17,0,17,0,17,0,17,0,17,0,17,0,17,0,17,0,17,0,17,0,17,0,17,0,17,0,17,0,17,0,17,0,17,0,17,0,17,103,43,111,43,181,17,181,17,422,17,519,17,625,8,518,18,232,66,125,66,63,48,99,48,138,17,137,17,316,17,424,17,577,24,465,17,247,39,95,39,0,17,22,27,8,15,40,40,39,23,41,34,32,16,3,4,5,7,0,17,17,30,36,41,4,7,7,15,23,25,53,50,19,12,24,19,0,17,0,17,0,17,22,33,155,68,95,45,0,17,0,17,0,17,8,14,59,41,153,53,115,58,72,44,40,29,16,16,5,11,16,18,170,66,136,52,53,38,72,40,35,26,24,18,91,56,536,114,336,100,105,52,121,45,82,41,69,53,166,68,334,86,227,81,20,20,88,53,31,34,0,17,23,27,120,60,83,55,0,17,23,20,0,17,0,17,65,60,81,51,63,39,13,14,67,43,18,16,0,17,17,17,104,41,121,41,47,43,33,23,30,22,50,53,185,96,309,83,266,80,168,69,119,45,39,19,18,16,165,85,262,83,162,69,35,42,181,69,39,44,33453,4806,1280,361,1158,303,4825,451,7,12,17,30,9,16,39,41,0,17,20,31,15,21,0,17,0,17,0,17,3,6,0,17,0,17,0,17,0,17,0,17,67,43,18,15,1,2,24,18,45,33,96,57,112,58,58,41,17,23,63,37,81,41,48,31,56,42,31,24,0,17,4,7,157,59,56,38,132,88,124,74,109,77,81,53,37,25,89,52,26,19,177,73,148,56,125,56,81,39,53,37,34,27,17,17,63,39,150,67,195,79,160,69,118,54,66,50,56,41,90,59,36,25,40,25,72,50,39,28,0,17,37,37,10,13,0,17
"41039","Lane County, Oregon",6035,159,3497,502,3807,525,10568,617,11873,27,11397,41,10895,465,9992,454,10342,57,11095,53,11409,455,5203,403,7528,355,4305,297,6111,346,7129,318,4252,269,3563,253,3055,261,5931,177,3948,462,3966,475,9698,627,10808,14,11227,60,10359,424,10174,436,10408,71,12029,65,13601,426,5353,360,7884,359,4767,340,6470,349,7900,325,4946,333,4396,311,5607,328,4703,90,14448,183,10210,136,9866,143,18235,195,19357,133,22641,74,16650,94,7553,280,2988,268,4692,99,14250,160,9366,136,9827,107,17778,157,20256,122,25069,83,18291,57,8909,339,5456,324,167,107,313,119,250,47,163,34,390,90,268,18,236,27,133,32,0,28,0,28,95,66,285,110,148,23,158,54,160,104,191,64,146,59,53,42,31,33,20,31,104,76,449,127,166,78,89,55,322,121,235,86,196,79,153,50,29,25,0,28,6,14,216,134,122,49,124,51,289,112,296,93,335,90,131,46,47,35,31,28,368,69,1318,133,299,73,152,65,469,63,402,75,277,57,126,39,46,27,31,21,215,59,1300,136,274,61,326,63,691,119,646,84,514,64,248,37,114,39,78,40,58,50,45,48,30,27,45,37,52,37,54,42,46,35,5,8,0,28,0,28,10,18,132,80,0,28,76,56,48,55,27,24,21,24,28,29,0,28,0,28,4386,28,13555,23,9410,36,9251,28,17122,15,18584,30,22102,11,16444,27,7459,267,2962,267,4377,27,13222,95,8715,24,9091,11,16707,29,19439,37,24508,8,17897,27,8741,327,5415,313,601,NA,1763,NA,1236,NA,1190,NA,2077,NA,1379,NA,812,NA,387,NA,168,34,26,34,641,NA,1569,NA,1135,NA,1093,NA,1967,NA,1259,NA,883,NA,480,NA,208,46,47,45,257,152,2187,291,6418,612,12630,745,755,222,1593,423,67,55,490,172,1558,248,6472,477,7681,517,1633,267,3956,349,1480,230,712,240,1283,245,5103,461,6193,480,1901,313,3441,346,2254,308,1252,254,3590,375,11811,605,13336,649,4003,307,7067,427,4518,359,1064,216,1686,213,6733,430,7077,449,1835,206,4997,391,5023,340,248,140,1742,291,5856,657,12628,702,1107,250,1835,335,127,81,358,101,1276,271,4341,431,6946,461,2064,296,4784,364,2266,242,599,153,922,225,3870,344,5365,457,2263,309,4564,402,2950,305,951,220,2650,435,10940,591,14776,575,5845,487,8467,518,5646,369,1040,167,2209,263,11085,502,9203,469,1960,205,5072,417,3517,325,45222,822,69588,2823,38209,1869,244976,3501,3830,473,1220,279,1165,296,890,254,734,209,615,196,504,187,716,227,355,130,681,261,503,161,263,135,129,82,17,29,44,55,30,29,3274,370,1781,303,2011,323,2242,296,2383,352,2501,316,3011,370,2427,351,2058,318,3953,407,4802,482,5535,392,2998,309,1384,238,1142,193,800,176,4494,381,2848,389,2537,359,2492,345,2302,280,2606,311,2188,241,2559,331,2013,269,4161,417,5829,538,7204,494,4570,372,2955,288,2433,273,2087,298,2295,333,2853,279,3625,364,3147,328,2806,300,2816,291,2195,224,2003,240,1734,217,3190,316,3985,349,3726,361,2026,211,1017,181,1152,205,846,156
"41041","Lincoln County, Oregon",518,73,244,100,244,91,695,106,1035,54,1197,31,1024,198,1240,190,1223,109,1609,126,1867,160,880,134,1331,174,906,173,1049,143,1475,164,878,114,597,124,488,92,344,46,110,62,291,93,606,108,1121,19,1191,65,977,134,1330,149,1421,86,1729,71,2031,186,1017,164,1746,178,1084,166,1034,133,1757,159,874,113,672,129,804,126,437,61,993,74,926,40,1017,46,1939,94,2486,97,3846,49,3279,40,1399,114,488,92,247,25,848,58,954,43,1010,46,1955,112,2796,79,4446,58,3660,23,1485,120,774,120,5,11,33,39,23,21,5,9,17,15,0,25,10,14,7,13,0,25,0,25,2,4,33,38,0,25,15,20,10,17,24,27,8,19,0,25,0,25,0,25,25,18,39,23,48,20,57,15,82,36,86,38,74,32,60,29,27,23,0,25,11,19,28,22,34,24,37,25,124,27,97,14,95,36,53,36,16,15,2,3,0,25,0,25,1,2,6,10,19,24,60,50,28,21,20,28,14,23,0,25,9,13,7,12,21,17,32,23,36,27,65,32,68,36,51,34,0,25,26,38,0,25,0,25,0,25,1,3,11,10,4,7,3,7,0,25,0,25,0,25,0,25,0,25,1,3,11,11,3,6,0,25,0,25,0,25,10,13,0,25,335,25,869,25,888,25,915,25,1795,31,2343,25,3765,25,3230,19,1372,90,474,90,247,25,724,25,870,25,966,25,1766,29,2671,13,4344,54,3605,25,1479,119,768,119,102,61,193,62,65,51,169,NA,265,120,273,121,104,52,51,35,41,65,14,21,20,32,190,33,136,NA,76,55,305,109,208,94,123,NA,87,14,8,11,6,9,21,22,305,105,813,124,420,104,102,80,37,34,3,5,51,34,315,94,620,119,819,142,160,72,205,56,62,45,139,87,231,94,923,176,530,105,97,62,215,81,129,57,257,120,518,114,2217,221,1998,239,493,103,933,166,494,101,78,41,343,95,1329,152,1449,174,430,108,958,172,806,143,0,25,208,76,536,119,410,102,101,58,91,69,5,9,84,54,242,94,672,131,500,110,274,84,356,95,184,82,64,40,240,87,658,183,617,98,214,80,344,91,170,59,121,76,570,171,2357,226,2199,254,905,198,1036,160,756,146,116,53,452,117,1826,177,1808,199,470,127,795,117,758,128,41303,1879,8576,857,5252,607,32242,852,72,49,34,28,53,35,33,22,26,32,28,27,40,44,30,32,50,47,14,16,48,39,4,6,16,19,24,32,0,25,0,25,245,80,276,105,314,109,276,92,267,91,301,119,268,104,227,69,209,82,410,107,474,130,556,134,210,65,141,60,83,56,74,67,879,187,523,123,420,103,486,116,487,116,520,143,429,119,467,130,411,113,688,148,779,127,808,154,519,124,376,90,223,83,181,74,255,62,721,144,756,160,706,122,571,108,416,94,520,112,395,102,339,92,634,151,625,137,737,146,265,85,221,77,150,60,124,69
"41043","Linn County, Oregon",1267,45,1042,239,688,165,1919,256,4014,110,3543,14,3841,326,3326,309,3647,109,4022,113,3836,252,1791,218,2481,234,1113,173,2273,224,2448,244,1724,160,1088,156,814,166,1218,123,931,263,713,233,1968,253,3947,113,3788,100,3987,291,3140,288,3609,137,4138,115,4321,248,1741,246,2415,230,1350,185,2194,213,2791,259,1881,243,1267,180,1725,255,1156,38,3201,84,3494,94,3378,83,6423,134,7123,73,7695,65,5617,60,2801,150,743,147,1125,110,3280,112,3463,108,3424,77,6520,113,7183,87,8017,57,5960,49,3095,265,1725,255,0,28,39,47,63,87,0,28,20,28,102,96,11,12,0,28,0,28,0,28,6,7,0,28,19,32,6,11,97,58,0,28,14,25,4,6,1,3,0,28,23,37,30,25,96,79,11,22,121,79,86,61,121,56,53,36,6,9,1,4,11,12,112,88,5,8,109,85,132,79,109,69,123,47,31,27,4,6,0,28,0,28,141,54,29,42,0,28,142,73,69,64,25,33,18,24,0,28,9,19,0,28,92,83,64,76,72,50,106,51,100,53,99,31,133,48,20,27,0,28,0,28,11,17,0,28,0,28,0,28,5,12,0,28,0,28,5,9,0,28,0,28,26,43,0,28,0,28,15,29,9,13,0,28,0,28,0,28,0,28,1024,28,2952,28,3269,8,3115,28,5997,28,6755,27,7534,17,5511,28,2784,147,743,147,959,8,2972,28,3351,6,3205,28,6098,20,6921,28,7874,16,5874,28,3052,262,1683,262,180,NA,424,NA,421,NA,416,NA,720,NA,457,NA,313,NA,141,56,17,29,39,54,174,109,374,109,361,NA,351,NA,630,NA,430,NA,232,NA,134,53,43,36,42,45,115,72,641,179,1944,252,1952,285,135,72,105,70,24,41,171,104,519,169,2517,344,2346,349,798,178,941,204,265,106,222,110,579,182,2039,269,1999,318,910,176,1080,230,338,112,308,142,1378,272,4798,430,4987,372,1658,254,1842,293,806,189,502,148,921,167,2919,278,2535,263,710,158,1215,188,658,133,32,33,666,186,1366,283,2070,374,377,161,309,129,10,12,91,58,402,159,2442,344,2395,288,767,195,1303,230,335,100,213,128,533,209,1371,253,2194,311,1059,234,1114,247,643,171,345,125,827,163,4738,431,5807,463,1678,223,1849,282,980,172,373,109,1126,193,4210,298,3239,285,717,155,874,180,669,147,46782,1603,20561,1774,13449,1316,84628,2163,383,135,129,101,286,137,235,107,217,119,108,61,93,70,136,102,77,46,166,90,140,100,44,39,11,20,6,10,0,28,16,22,1016,235,636,184,475,173,625,182,806,213,628,202,813,203,732,204,569,172,1411,266,1889,329,2224,289,950,198,450,139,347,146,65,41,1351,214,949,201,795,230,781,183,974,254,763,167,663,161,782,190,676,168,1279,252,2144,321,2516,338,1511,239,743,179,746,181,392,132,528,141,1206,215,1292,245,953,192,988,203,971,215,812,153,814,171,665,139,1144,182,1168,191,1050,155,477,120,226,72,178,80,158,80
"41045","Malheur County, Oregon",434,13,248,87,292,118,806,127,1244,51,1264,62,1171,140,1071,146,1034,38,993,28,954,98,464,99,475,92,380,75,458,75,515,97,388,75,263,68,355,80,267,52,254,91,183,90,527,97,800,37,781,16,783,102,688,103,746,22,816,17,730,113,460,107,509,107,261,64,536,102,561,100,396,79,382,81,359,77,343,54,1101,57,968,75,977,40,1900,68,1867,46,1728,45,1168,52,608,82,294,73,241,38,847,79,662,42,681,41,1309,75,1362,77,1584,47,1249,46,696,71,333,71,0,25,63,57,27,27,36,31,44,35,42,29,49,34,16,24,15,20,0,25,0,25,25,37,6,12,5,8,14,20,0,25,0,25,0,25,0,25,0,25,8,14,31,38,16,18,12,18,26,21,23,21,17,20,11,16,0,25,0,25,0,25,0,25,12,16,4,7,7,11,13,12,6,6,3,6,8,14,0,25,6,11,0,25,40,28,18,19,31,24,7,17,28,28,51,25,9,13,40,23,4,10,9,16,8,10,0,25,15,15,20,18,39,17,36,17,48,19,23,19,0,25,1,4,0,25,12,13,0,25,0,25,0,25,0,25,0,25,0,25,0,25,0,25,0,25,0,25,0,25,8,12,0,25,0,25,0,25,0,25,219,25,666,25,665,25,716,25,1369,25,1411,25,1459,25,1094,25,553,73,288,74,182,25,437,25,437,25,460,25,884,25,1047,25,1355,25,1090,25,688,69,326,69,208,NA,555,NA,458,NA,381,NA,716,NA,540,NA,346,NA,149,46,67,46,12,13,79,51,488,51,305,NA,306,NA,545,NA,442,NA,290,NA,231,25,27,21,10,12,40,48,285,111,716,146,649,158,51,41,39,29,0,25,149,57,332,98,861,119,807,129,180,61,137,80,42,31,305,107,294,121,629,141,558,139,168,59,181,86,107,80,341,94,362,115,1105,157,1204,148,380,106,357,92,171,59,320,70,246,73,724,104,507,108,142,58,266,72,154,54,30,30,250,103,411,107,464,104,56,39,16,12,4,4,67,48,133,77,457,102,542,103,167,56,176,58,39,23,172,78,144,67,373,114,323,93,124,57,230,88,105,52,339,95,261,99,924,153,987,135,358,81,267,67,125,49,297,70,176,55,888,116,731,111,127,51,245,76,31,25,34720,2002,6651,629,3704,530,16487,755,136,88,35,40,95,62,73,50,58,37,39,44,0,25,15,18,7,8,3,3,168,96,0,25,2,4,1,3,0,25,0,25,326,118,221,88,212,94,137,57,130,65,255,101,126,59,92,39,107,60,294,86,336,94,225,92,182,78,63,57,18,19,41,25,462,116,284,107,215,78,279,81,244,90,280,104,157,63,148,45,110,54,250,79,487,112,408,108,225,63,89,43,107,37,105,56,309,112,434,107,287,93,182,59,292,102,206,70,92,44,153,50,91,45,290,84,344,110,194,56,102,45,17,15,19,19,35,22
"41047","Marion County, Oregon",4477,130,2379,335,2900,450,6419,434,11510,161,11405,150,10265,555,10557,557,10026,106,10147,85,9693,533,4064,436,5294,370,3459,359,4157,361,4985,386,3739,293,2073,212,2440,265,4379,139,2682,386,2377,369,5742,411,10926,124,10775,148,9579,538,10106,548,9705,138,10272,63,10245,458,4025,405,6396,465,3731,372,4697,360,5955,382,4755,379,3088,328,3975,367,3241,192,8665,273,8487,280,8834,289,16786,354,16736,279,17331,220,11800,107,5549,249,2257,241,3288,158,8693,270,8650,248,8532,231,16054,319,16787,238,18664,179,13494,99,7451,370,3789,376,48,57,276,115,237,119,216,116,355,109,405,110,188,71,45,52,60,47,22,32,10,16,122,75,176,81,147,91,103,86,160,107,63,41,67,47,17,20,6,11,78,81,216,139,208,181,235,202,167,99,164,58,160,63,75,41,18,18,5,11,63,48,124,129,161,104,101,53,254,101,278,105,150,59,123,50,5,6,9,19,51,38,312,101,247,49,190,65,399,68,406,62,312,31,164,76,38,35,100,95,228,110,188,110,204,75,218,66,445,82,528,61,552,16,277,5,96,53,96,55,32,39,50,48,202,97,297,107,100,73,46,51,96,43,5,11,0,28,14,21,0,28,108,81,205,115,133,86,136,90,213,115,57,55,39,44,19,28,0,28,2475,28,6578,22,6923,28,6976,28,13025,31,14644,38,15865,5,11194,27,5312,252,2211,245,2415,28,6391,28,6738,38,6849,32,12705,46,14789,37,17510,36,12909,28,7282,359,3674,359,1646,NA,3865,NA,3509,NA,3401,NA,6357,NA,4184,NA,2195,NA,875,NA,342,42,64,41,1515,NA,3526,NA,3086,NA,2967,NA,5549,NA,3565,NA,1960,NA,860,NA,347,70,127,70,323,141,2753,338,5689,584,6204,636,630,165,539,139,37,32,1980,370,2531,399,7027,597,5786,543,1570,295,2722,430,1299,244,2584,400,1792,318,5503,507,5211,496,1465,231,3105,336,1162,215,2985,405,3005,429,11079,607,10497,609,2852,356,5716,471,3090,330,1552,210,856,184,5400,376,5283,416,1304,241,3770,331,2688,309,160,110,1893,319,5353,497,6031,475,829,219,844,200,70,43,1051,295,1802,371,5624,486,6223,477,2176,282,3487,409,1338,258,1763,340,1509,297,4388,469,5240,503,2093,303,3251,300,1441,230,2753,338,2271,368,10027,518,12317,675,4249,370,5683,407,3343,351,1545,224,1619,251,8460,464,7698,435,1449,211,3630,354,1800,244,50775,979,54411,2941,39265,2606,223547,3536,735,191,566,246,367,139,459,167,426,166,492,160,246,107,182,107,170,86,227,127,465,155,179,81,13,13,14,24,30,63,20,31,2522,453,1988,340,1624,298,1958,336,2006,381,2350,423,2261,440,2059,332,2027,327,3424,422,4501,474,5664,517,2823,330,1456,255,1014,202,476,136,2355,311,1720,306,2062,366,1650,305,1751,297,1871,265,1772,289,2548,394,1814,302,3764,402,5350,488,6369,557,4243,372,2594,302,2098,298,1390,220,1665,261,1894,244,2307,305,2117,292,1901,280,2165,289,1704,253,1616,258,1396,232,2522,267,2818,316,3139,304,1729,235,967,169,646,127,515,136
"41049","Morrow County, Oregon",143,61,58,35,85,46,277,69,265,4,310,2,282,76,392,78,354,58,374,65,376,85,218,67,161,58,119,48,130,47,208,76,188,34,63,33,81,47,67,43,56,47,86,54,228,71,292,12,263,42,326,60,415,73,337,45,306,38,401,79,240,92,161,59,73,29,164,49,222,55,166,65,43,25,100,67,126,59,318,61,238,18,228,30,623,32,594,51,725,58,449,41,251,20,48,20,49,40,314,53,242,27,223,30,618,49,597,24,739,44,444,36,190,67,100,67,0,19,0,19,0,19,0,19,0,19,0,19,9,14,0,19,0,19,0,19,0,19,0,19,0,19,0,19,0,19,0,19,0,19,0,19,0,19,0,19,0,19,0,19,0,19,0,19,9,12,37,39,0,19,0,19,0,19,0,19,0,19,0,19,3,6,0,19,8,11,0,19,9,13,0,19,0,19,0,19,0,19,17,18,0,19,0,19,0,19,0,19,0,19,0,19,0,19,0,19,0,19,0,19,0,19,0,19,5,6,0,19,10,11,0,19,0,19,0,19,0,19,0,19,0,19,0,19,6,14,0,19,0,19,0,19,0,19,0,19,0,19,0,19,0,19,0,19,0,19,0,19,0,19,8,13,0,19,0,19,85,53,154,53,127,19,164,19,384,19,446,19,593,19,424,19,251,20,48,20,25,31,171,31,156,19,188,19,386,19,453,19,612,19,415,19,190,67,100,67,58,33,208,33,138,NA,146,NA,284,NA,234,NA,153,56,25,41,0,19,33,48,40,27,180,27,129,NA,75,42,285,43,173,NA,157,37,36,37,0,19,0,19,33,33,117,62,219,71,146,57,13,20,26,31,9,14,19,18,121,51,240,58,113,35,33,30,39,24,10,12,79,40,203,65,170,63,140,59,34,31,40,25,8,10,200,72,113,73,423,114,415,103,166,87,112,56,54,27,42,28,122,65,274,55,242,63,42,29,54,24,13,14,31,31,87,46,125,44,144,55,19,27,31,31,0,19,30,29,133,60,179,70,75,38,56,36,68,36,14,19,84,48,115,53,261,90,169,63,38,24,52,31,22,16,176,53,102,68,547,103,314,69,148,53,131,51,27,21,79,56,132,76,338,62,125,52,38,23,31,21,25,23,54441,3304,1694,268,1283,320,8175,348,12,18,21,29,29,25,18,25,20,24,0,19,0,19,4,7,0,19,40,30,12,19,0,19,30,33,0,19,0,19,0,19,25,27,47,30,45,29,52,42,111,59,49,37,47,28,93,57,49,34,199,60,146,66,138,54,35,27,90,50,34,30,3,6,20,23,95,56,46,41,28,28,56,32,86,62,63,39,32,24,55,53,165,75,282,98,292,89,124,55,146,77,23,17,21,18,64,45,38,26,124,74,55,32,126,53,83,33,4,5,45,24,42,28,75,35,91,41,94,59,42,29,62,46,3,5,17,13
"41051","Multnomah County, Oregon",8023,46,4634,446,4436,513,16064,561,34929,132,36676,NA,34012,980,29681,961,26802,70,24817,71,23785,725,9196,516,13282,663,7730,483,8538,465,9883,428,6226,372,3873,316,4065,317,8074,73,4850,495,5018,535,15737,639,36233,105,36867,86,33432,952,27211,967,25255,47,24549,47,24106,644,9608,564,14610,580,8121,486,9541,472,11785,471,7942,465,5947,409,9025,466,5611,152,17544,310,27362,326,29616,302,51569,309,41532,259,39010,194,22626,97,8565,312,3614,297,5486,128,18370,262,28565,294,29365,243,47731,294,39728,303,40792,169,25145,135,11960,430,8130,434,651,57,1901,121,1904,154,1726,144,2516,225,2773,183,2419,137,1215,22,432,79,144,79,497,157,1617,180,1758,126,1683,116,2725,168,2555,113,2338,130,1307,59,572,103,393,101,116,67,317,153,271,107,213,112,369,114,447,140,390,117,249,54,31,26,17,20,95,57,221,79,254,144,254,114,400,115,479,172,218,78,235,111,89,70,57,54,700,64,2413,164,2392,177,1979,158,3877,192,3515,129,2710,91,1538,55,765,73,243,68,609,77,2393,150,2748,254,2490,163,5107,164,4250,109,3271,72,1916,32,1013,118,402,113,40,43,427,155,128,113,256,69,387,105,230,95,218,111,52,43,53,43,0,28,106,73,147,114,392,106,236,95,366,92,276,11,146,28,110,20,0,28,6,13,4645,28,15277,60,24844,153,26808,88,46388,74,38752,84,37601,118,22076,42,8435,311,3594,301,4694,59,16103,149,25918,28,26844,42,43467,53,37389,116,39387,38,24553,53,11743,427,7999,428,1498,NA,3823,NA,4219,NA,4411,NA,7858,NA,4621,NA,2171,NA,783,NA,298,27,30,27,1400,NA,3669,NA,3924,NA,3982,NA,6517,NA,3658,NA,1979,NA,926,NA,385,51,131,51,540,194,3857,429,9443,640,14248,829,1334,291,3628,407,107,67,1648,365,3979,476,12502,778,18296,919,5428,605,22421,859,7331,556,2274,402,3632,382,10929,730,12836,799,4518,387,17950,755,11554,667,3948,483,5933,540,19585,908,24011,987,7290,483,21279,854,15836,677,2247,302,2239,282,7391,506,9789,527,2244,304,7556,502,8849,525,293,118,3041,374,7548,538,15494,752,2133,336,4855,443,315,102,1937,327,2793,375,9102,800,16059,761,5586,578,26632,1044,10991,644,2271,367,2836,462,7420,596,10430,632,4981,514,18115,685,14590,615,5144,540,4776,525,17371,774,23819,848,8587,544,21570,846,16861,724,3179,288,3191,326,14117,666,12500,589,2868,294,8995,496,7511,511,57449,700,130564,3911,65528,2887,566853,4081,2353,305,1018,208,1101,259,868,241,923,205,1000,231,563,166,572,161,490,162,1093,264,624,164,461,133,210,96,147,67,63,50,27,38,8729,673,4337,556,4755,447,4775,483,6266,596,5217,490,5888,514,5751,579,5254,544,10457,712,14257,833,19060,862,13086,679,7609,600,6807,422,7515,543,9165,721,5168,548,4004,435,4499,498,4356,413,4015,453,4440,400,4501,393,4159,415,7728,463,10963,589,14544,836,11808,660,7319,482,7516,621,9362,572,4290,502,4781,410,5114,442,3903,393,4136,373,3350,327,3037,272,2639,252,2715,304,4292,372,5106,445,5868,435,3385,316,1681,217,1707,256,2354,261
"41053","Polk County, Oregon",1486,156,694,212,912,253,1755,253,2235,99,2196,76,2153,274,2085,257,2240,173,2344,148,2340,231,992,186,1285,213,1106,172,938,171,1604,190,926,154,684,143,805,148,1670,73,973,184,771,195,1802,255,2075,51,2346,77,2150,295,2403,277,2351,73,2325,72,2792,227,1042,200,1550,212,1100,175,1127,224,1674,225,927,196,960,178,1291,196,1102,104,2990,125,1745,147,1804,99,3643,148,4146,176,4329,51,3411,64,1541,137,795,146,1350,46,3147,99,1785,115,2002,55,4037,109,4259,75,4912,77,3705,83,1863,200,1262,197,58,46,25,30,12,18,33,36,13,18,27,29,23,39,32,40,0,28,0,28,0,28,24,37,0,28,61,49,14,14,31,40,60,52,0,28,0,28,0,28,2,5,67,53,11,11,103,72,62,45,42,28,65,38,52,30,25,23,2,3,20,21,58,31,21,25,35,23,26,20,69,42,31,22,34,31,0,28,2,4,0,28,108,70,104,77,25,34,71,35,65,44,75,30,31,23,16,17,0,28,89,61,91,40,42,42,86,40,113,60,107,60,115,49,67,47,8,11,4,8,50,46,6,12,14,28,0,28,23,31,18,29,0,28,0,28,22,40,0,28,0,28,14,18,0,28,0,28,30,34,11,20,0,28,0,28,0,28,0,28,933,28,2569,28,1572,28,1617,28,3344,28,3756,28,4127,28,3334,28,1541,137,768,137,1160,28,2792,28,1590,28,1753,28,3570,28,3958,28,4711,18,3611,28,1808,197,1262,197,251,105,548,105,402,NA,377,NA,608,178,551,178,260,NA,167,38,22,40,27,41,249,NA,509,NA,347,NA,332,NA,655,NA,414,NA,316,79,121,79,55,44,0,28,69,76,556,161,1431,316,2389,364,157,126,245,141,0,28,35,30,309,154,1225,234,1448,268,549,163,694,178,171,84,236,154,197,91,1139,228,976,207,373,127,786,185,531,164,340,146,738,212,2585,319,1979,311,671,163,1601,256,1287,216,125,82,389,146,1364,233,1558,223,342,106,1137,177,1148,177,56,53,411,174,1093,269,3047,326,232,126,377,134,0,28,127,110,222,95,715,178,1324,223,589,137,934,204,510,178,158,107,232,101,885,207,1319,215,652,173,920,192,387,134,317,121,557,160,2598,290,2814,291,794,198,1721,264,1259,215,172,90,355,132,2421,241,1899,241,428,128,1205,191,599,146,54010,1573,11916,1173,6737,949,58116,1374,527,237,132,72,321,151,283,145,132,91,47,38,29,35,201,119,39,45,94,116,166,135,70,59,28,41,15,44,0,28,0,28,607,185,249,98,291,123,324,105,413,157,458,164,350,147,378,138,386,130,984,212,1014,243,1257,258,836,219,332,125,187,75,175,90,606,183,224,82,380,130,370,132,392,126,459,163,376,151,341,159,357,126,889,192,1182,234,1567,292,1283,253,681,170,761,151,338,102,331,119,590,160,476,153,426,129,690,196,610,201,494,122,453,152,329,99,715,185,995,180,898,178,483,137,353,115,167,89,184,82
"41055","Sherman County, Oregon",14,11,10,7,23,15,19,10,59,19,37,16,82,20,31,19,53,20,68,17,102,27,28,12,27,12,29,17,35,13,27,12,42,21,25,11,18,10,23,25,11,11,3,3,19,11,42,16,18,10,45,14,38,20,45,14,99,22,62,15,27,18,31,11,42,17,35,13,41,13,63,19,33,12,24,9,14,11,52,18,53,18,35,15,113,28,116,25,157,26,91,22,65,22,14,8,23,25,31,16,36,12,18,10,73,22,132,21,113,24,108,20,91,19,24,9,0,12,0,12,0,12,2,3,0,12,1,3,0,12,0,12,0,12,0,12,0,12,2,3,0,12,0,12,0,12,0,12,3,4,0,12,0,12,0,12,0,12,0,12,6,8,0,12,0,12,4,4,0,12,0,12,0,12,0,12,0,12,0,12,6,9,0,12,0,12,7,12,0,12,8,12,5,5,0,12,0,12,0,12,0,12,0,12,0,12,0,12,0,12,0,12,0,12,0,12,0,12,0,12,0,12,0,12,0,12,0,12,2,3,0,12,0,12,0,12,0,12,0,12,0,12,0,12,0,12,0,12,0,12,0,12,0,12,0,12,0,12,0,12,0,12,0,12,0,12,0,12,0,12,0,12,0,12,0,12,9,9,41,15,52,18,35,15,108,26,109,24,157,26,91,22,65,22,14,8,8,8,26,14,36,12,18,10,67,19,132,21,113,24,108,20,91,19,24,9,5,6,11,10,1,3,0,12,5,7,7,10,0,12,0,12,0,12,0,12,15,23,5,8,0,12,0,12,6,8,0,12,0,12,0,12,0,12,0,12,0,12,5,6,31,16,11,10,15,10,4,4,0,12,0,12,3,4,50,20,40,20,1,2,2,3,0,12,0,12,12,15,57,19,29,17,6,6,8,8,1,2,1,4,22,14,64,22,85,25,50,23,40,14,16,10,2,3,11,8,58,21,57,20,17,20,21,12,10,7,0,12,2,3,30,25,11,8,7,6,6,5,0,12,0,12,2,2,20,12,11,11,7,6,19,13,1,2,0,12,0,12,26,20,34,13,13,9,5,4,5,5,1,2,10,6,91,30,73,16,31,16,43,16,15,11,4,7,19,8,103,23,72,23,4,4,24,12,12,9,41389,6767,301,69,142,53,1259,110,11,11,0,12,0,12,6,9,0,12,0,12,1,2,0,12,2,3,0,12,9,9,2,2,0,12,0,12,0,12,0,12,14,15,1,2,11,10,13,14,3,4,5,6,8,9,12,11,7,9,25,17,16,10,38,13,2,3,0,12,0,12,18,19,52,25,24,18,15,9,28,21,35,17,13,11,4,5,3,4,10,8,7,5,35,17,35,15,22,13,3,5,18,10,19,11,11,9,17,9,18,11,37,23,22,12,28,15,15,8,7,5,16,7,5,5,36,17,31,14,4,5,14,10,10,10,6,5
"41057","Tillamook County, Oregon",299,53,101,63,119,59,411,90,736,75,674,51,673,112,697,130,764,75,839,60,889,141,565,138,753,138,448,108,582,113,682,104,405,86,333,83,332,92,208,118,103,64,43,36,421,107,559,63,702,78,579,109,696,133,750,93,854,56,871,126,631,122,838,143,368,86,715,128,726,129,576,115,339,74,358,90,225,17,591,48,643,57,612,37,1182,43,1516,82,2097,52,1699,37,719,93,332,92,148,83,542,110,534,50,609,39,1096,39,1490,77,2205,36,1803,6,844,87,347,89,0,22,7,10,7,14,9,12,24,33,9,16,0,22,0,22,2,4,0,22,0,22,0,22,0,22,0,22,0,22,0,22,12,19,0,22,0,22,0,22,4,9,0,22,0,22,0,22,7,16,0,22,27,29,0,22,3,4,0,22,0,22,0,22,0,22,40,49,8,12,6,11,12,18,0,22,33,44,0,22,14,16,16,26,7,14,2,5,0,22,13,14,13,17,0,22,8,13,0,22,0,22,1,2,2,7,0,22,13,14,17,17,23,30,5,8,17,18,0,22,0,22,0,22,4,7,3,5,0,22,0,22,0,22,0,22,0,22,0,22,0,22,0,22,0,22,0,22,18,7,0,22,6,9,1,2,0,22,0,22,213,22,496,22,534,22,577,22,1110,22,1416,22,2022,4,1664,22,709,92,332,92,148,83,441,83,489,22,553,22,1027,22,1414,22,2156,3,1800,22,837,89,347,89,42,42,95,48,141,54,68,42,193,88,132,87,102,47,35,37,16,18,0,22,60,80,117,68,64,61,63,38,197,80,76,77,49,35,3,6,7,12,0,22,37,31,172,79,238,81,454,93,2,3,27,32,0,22,108,60,69,41,616,162,462,150,64,53,50,36,41,31,36,33,88,54,557,126,352,90,68,64,237,79,32,38,122,73,365,105,1187,170,1068,160,228,84,494,112,346,102,100,52,110,47,927,161,647,130,129,49,446,117,423,117,0,22,101,91,285,109,309,101,8,14,72,91,0,22,49,39,46,40,503,106,360,113,103,58,121,71,79,47,92,59,86,71,272,98,475,119,132,61,169,75,49,48,137,95,259,97,1274,169,1137,176,365,94,480,109,292,97,44,30,229,71,1027,145,840,136,251,155,454,123,237,77,43777,2103,3821,568,2992,546,18065,691,0,22,29,47,8,14,69,91,7,9,0,22,12,15,19,22,5,8,21,24,0,22,0,22,0,22,0,22,0,22,0,22,49,34,185,91,45,39,364,142,59,40,83,31,117,51,133,60,184,81,89,47,302,109,318,101,232,119,40,33,71,47,14,24,328,106,230,90,155,58,215,99,220,122,229,82,289,108,174,64,119,60,367,105,583,111,579,134,291,85,101,61,68,49,85,58,180,59,285,92,384,125,410,126,277,95,270,95,149,49,264,85,187,71,325,104,324,85,269,75,194,78,43,33,62,33,43,30
"41059","Umatilla County, Oregon",1046,61,836,208,642,181,1528,248,3034,92,2705,36,2606,275,2550,265,2554,72,2477,17,2247,231,1147,232,1400,195,762,130,1033,159,1197,157,910,128,600,126,543,119,853,30,265,154,564,181,1481,228,2247,25,2328,54,2040,243,2283,256,2187,55,2320,55,2349,191,1043,175,1197,177,778,135,984,152,1357,192,1026,164,665,120,931,151,841,65,2320,147,2440,98,2227,110,4403,131,4389,138,4266,88,2844,82,1396,129,532,116,651,86,1859,121,1926,141,1989,74,3611,147,3880,102,4176,65,2929,94,1529,124,909,151,22,35,75,44,38,37,17,24,84,52,52,40,34,34,21,26,1,2,0,28,17,29,0,28,0,28,10,16,0,28,72,68,25,29,0,28,15,37,0,28,21,20,118,85,95,61,109,69,90,50,68,29,136,48,53,27,11,13,0,28,37,28,113,90,84,22,130,82,116,45,127,34,120,31,63,28,18,14,6,7,2,4,0,28,0,28,22,31,87,57,10,12,28,31,4,6,5,7,0,28,0,28,22,24,36,25,43,47,24,27,49,39,41,31,54,48,32,36,0,28,22,23,0,28,27,22,1,2,0,28,8,9,2,4,4,7,0,28,0,28,0,28,0,28,15,15,2,3,0,28,0,28,2,6,0,28,4,7,0,28,535,28,1677,17,1821,4,1701,18,3386,28,3632,28,3940,28,2655,28,1315,114,518,114,459,28,1335,16,1408,7,1470,28,2867,28,3297,28,3854,12,2753,28,1514,127,849,127,400,NA,1073,NA,941,NA,832,NA,1356,NA,1094,NA,601,NA,213,74,142,71,14,16,332,NA,796,NA,675,NA,619,NA,1203,NA,856,NA,450,NA,205,99,71,75,60,81,140,107,915,162,1566,273,1137,305,206,94,88,55,0,28,429,184,654,166,2124,202,1422,202,551,170,375,107,184,108,585,162,617,163,1471,260,1312,195,594,136,363,130,214,80,894,195,705,165,2842,300,2856,314,1078,207,919,174,531,147,487,131,414,109,1399,167,1257,166,358,94,589,135,541,117,66,51,507,157,1003,229,1134,187,118,62,335,185,0,28,224,106,415,191,1023,229,1603,272,540,148,436,133,334,118,542,132,473,154,777,174,1269,186,449,119,483,139,330,96,756,170,546,152,2853,271,2239,233,1172,192,973,200,557,116,303,101,565,147,1858,213,1646,214,493,123,607,154,269,96,49287,1930,12918,1263,8506,1353,50401,1544,192,91,93,69,133,81,68,56,195,126,174,120,15,18,47,37,62,44,79,65,110,102,35,25,22,30,0,28,0,28,8,12,370,137,400,143,527,177,611,213,586,212,634,214,412,137,416,154,546,148,1074,251,1184,256,1110,237,453,141,377,139,96,47,91,60,746,201,654,207,295,90,259,84,337,127,426,151,406,129,426,121,601,178,911,183,1436,205,1641,228,999,184,478,137,344,114,269,73,441,163,665,177,667,156,421,117,494,140,289,92,413,110,303,100,223,76,596,148,541,111,552,135,312,94,166,60,134,64,104,58
"41061","Union County, Oregon",424,34,311,91,87,68,682,110,724,50,733,46,694,105,679,96,626,29,760,41,965,125,324,82,539,104,337,73,410,68,553,72,443,85,225,63,209,70,411,38,159,64,213,76,687,92,709,46,764,50,662,112,702,113,676,45,875,40,968,111,434,99,509,90,325,70,469,86,547,85,486,102,307,70,434,99,374,23,924,18,640,14,701,27,1223,30,1292,15,1786,9,1287,6,653,68,202,68,368,16,957,22,641,29,718,37,1173,20,1414,17,1810,17,1304,9,787,101,422,98,20,20,7,11,5,9,9,14,3,9,0,22,5,11,0,22,0,22,0,22,6,10,33,35,24,26,9,15,22,32,0,22,0,22,4,9,0,22,0,22,0,22,40,34,0,22,5,11,41,32,14,14,28,18,0,22,9,11,0,22,0,22,2,5,0,22,0,22,30,26,33,29,19,15,8,13,0,22,0,22,0,22,22,31,0,22,12,20,34,50,0,22,0,22,0,22,0,22,0,22,0,22,13,18,0,22,0,22,91,57,11,19,57,68,0,22,0,22,4,10,0,22,0,22,40,28,0,22,52,30,10,14,0,22,1,3,0,22,0,22,0,22,0,22,21,21,22,21,19,20,22,26,0,22,10,12,0,22,0,22,350,22,910,22,632,22,672,22,1182,22,1277,22,1748,22,1283,22,650,68,202,68,355,22,957,22,610,22,639,22,1148,5,1391,22,1789,22,1297,22,774,98,422,98,44,30,81,31,34,29,44,30,55,30,54,30,42,8,4,6,3,4,0,22,26,22,26,32,48,32,88,36,50,28,62,27,25,17,7,9,17,17,0,22,33,31,106,55,587,128,655,135,47,36,76,51,0,22,10,12,144,73,434,113,461,113,116,74,241,91,51,36,34,27,75,39,482,99,419,95,88,63,172,72,103,61,54,30,143,55,1030,192,918,128,226,69,561,118,282,81,84,44,131,51,696,102,437,84,190,73,389,78,250,63,33,29,145,75,393,96,655,131,144,82,90,48,10,16,86,58,89,54,352,98,481,99,107,56,299,87,59,34,12,12,44,30,502,96,366,85,117,50,154,53,169,74,53,37,68,36,1082,139,965,131,446,113,575,96,273,65,89,61,141,54,1170,133,656,108,116,49,258,68,138,55,45564,2592,4655,496,3625,577,16732,640,128,77,73,52,86,59,19,22,90,70,50,50,18,21,64,52,24,27,58,52,78,47,9,11,0,22,0,22,0,22,24,41,222,107,128,75,114,66,165,61,164,78,247,87,125,78,192,83,106,65,235,82,277,75,473,129,137,53,52,36,26,23,89,37,277,85,228,98,123,58,166,61,171,69,105,47,97,54,134,52,132,57,362,96,406,99,665,112,361,82,168,56,178,60,128,54,200,83,265,92,333,100,316,109,190,66,128,39,180,58,211,70,144,46,194,57,159,41,301,81,160,74,30,24,28,24,106,61
"41063","Wallowa County, Oregon",9,15,20,25,35,37,53,42,157,46,184,23,172,38,157,41,175,30,223,26,283,63,137,47,222,50,107,37,195,42,226,47,157,48,133,50,76,32,44,29,35,29,0,17,71,37,160,10,168,9,155,44,140,41,181,17,274,8,350,61,136,49,207,48,168,57,196,43,159,38,126,41,119,33,173,40,9,15,108,45,157,46,162,21,323,19,380,30,626,17,516,8,290,32,76,32,44,29,106,29,160,10,168,9,286,11,445,17,645,17,507,18,225,39,173,40,0,17,0,17,0,17,0,17,4,6,0,17,6,13,0,17,0,17,0,17,0,17,0,17,0,17,0,17,0,17,0,17,0,17,0,17,6,10,0,17,0,17,0,17,0,17,0,17,0,17,0,17,0,17,4,6,0,17,0,17,0,17,0,17,0,17,0,17,0,17,2,3,18,24,0,17,5,9,0,17,0,17,0,17,0,17,0,17,0,17,0,17,0,17,0,17,0,17,0,17,0,17,0,17,0,17,0,17,2,4,0,17,4,7,0,17,9,15,0,17,0,17,0,17,0,17,0,17,0,17,1,2,0,17,0,17,0,17,0,17,0,17,0,17,0,17,0,17,0,17,0,17,0,17,0,17,0,17,0,17,9,15,108,45,157,46,145,11,299,17,357,17,626,17,511,17,290,32,76,32,44,29,106,29,153,17,162,17,275,17,445,17,645,17,490,17,219,40,173,40,0,17,0,17,0,17,17,18,26,20,23,30,0,17,5,8,0,17,0,17,0,17,0,17,7,10,6,9,11,11,0,17,0,17,17,18,6,9,0,17,0,17,21,27,84,50,12,16,0,17,0,17,0,17,20,25,20,19,117,50,99,39,15,19,37,32,33,30,2,7,17,13,167,44,57,28,29,24,39,26,18,17,35,39,43,30,358,71,216,55,104,49,203,59,81,33,9,8,41,29,291,54,192,43,80,33,131,48,150,50,0,17,27,29,27,23,62,31,32,32,2,3,0,17,21,18,0,17,102,45,49,29,47,39,73,28,36,32,0,17,18,15,44,36,60,28,68,35,46,39,59,30,4,5,59,29,326,61,394,85,130,52,111,36,124,41,23,16,47,28,323,70,312,66,40,21,119,41,77,37,42349,4369,980,217,761,150,4992,229,0,17,2,3,9,13,0,17,4,7,4,7,0,17,0,17,0,17,0,17,0,17,3,6,0,17,6,9,0,17,0,17,99,56,14,17,35,26,64,39,35,27,30,24,19,19,51,40,54,40,43,29,46,27,66,35,53,36,16,17,15,17,8,12,89,41,74,44,105,45,121,45,61,30,65,39,51,32,42,24,58,31,120,45,101,36,180,54,86,38,34,26,29,23,18,15,48,27,120,43,93,41,94,51,73,34,105,40,51,27,53,33,51,30,67,28,137,64,148,47,64,26,4,5,19,20,2,5
"41065","Wasco County, Oregon",401,70,129,76,187,98,395,110,779,17,704,69,685,133,738,108,750,102,770,72,1001,203,404,84,557,107,432,92,498,93,461,96,444,80,222,73,238,100,238,95,102,75,158,86,451,168,782,35,694,59,769,115,627,136,692,71,936,151,987,126,389,92,506,122,394,89,549,100,519,88,409,88,343,82,521,109,311,82,563,59,620,41,571,28,1226,80,1416,92,1827,146,1316,45,637,102,238,100,194,62,617,106,664,36,591,40,1211,89,1455,146,1739,42,1368,36,712,102,514,102,12,18,1,2,4,8,12,15,0,22,0,22,0,22,0,22,0,22,0,22,0,22,0,22,0,22,0,22,0,22,12,17,22,33,0,22,11,15,0,22,14,14,54,23,54,6,40,40,33,32,37,40,68,20,35,17,22,17,0,22,5,8,81,27,55,30,18,16,63,33,49,22,67,12,42,15,4,7,0,22,0,22,17,24,5,9,20,39,25,44,4,8,0,22,0,22,0,22,0,22,0,22,0,22,0,22,34,28,15,20,0,22,15,22,13,20,25,28,0,22,7,14,0,22,13,10,32,25,0,22,0,22,14,27,11,19,0,22,0,22,0,22,0,22,0,22,12,9,0,22,34,21,0,22,5,9,0,22,0,22,173,22,491,22,506,22,535,22,1006,22,1188,22,1668,22,1300,22,637,102,236,102,148,22,479,22,533,22,527,22,1027,22,1281,22,1688,22,1300,22,712,102,514,102,174,61,140,61,196,NA,65,37,295,82,287,83,184,103,36,97,0,22,2,8,82,96,150,95,182,NA,88,50,275,117,234,134,95,46,93,46,0,22,0,22,23,21,279,115,423,101,343,138,25,27,10,16,9,15,24,22,197,67,425,106,469,119,157,85,130,54,81,52,122,86,142,99,394,96,353,79,65,42,227,74,120,66,345,150,201,79,1012,148,830,115,475,128,413,94,206,71,80,62,174,74,758,131,579,96,152,52,296,93,256,87,0,22,176,83,271,97,448,121,32,31,22,21,0,22,90,62,88,58,325,87,415,100,263,94,196,81,99,53,112,70,100,59,353,110,323,97,205,73,192,84,111,58,280,172,210,103,1031,129,915,133,423,105,392,87,259,69,143,54,215,72,1036,119,879,138,138,45,221,78,103,57,46814,2168,3651,500,2888,440,18634,640,104,63,31,33,40,40,30,29,22,40,21,22,5,8,67,52,47,56,11,17,6,9,0,22,15,17,0,22,0,22,0,22,114,52,79,57,194,87,50,34,104,72,222,85,175,78,107,51,115,47,246,82,389,131,467,122,172,63,72,37,69,40,82,50,257,73,229,90,78,33,215,98,240,75,177,76,223,75,165,83,234,75,350,103,536,110,672,164,223,58,150,48,128,66,40,27,131,63,221,71,228,97,208,62,450,117,166,55,180,57,169,53,165,58,293,86,211,74,225,72,139,56,48,36,44,37,32,20
"41067","Washington County, Oregon",6433,75,2940,387,3440,391,10597,474,21067,85,22482,145,21116,785,21687,759,19495,43,18522,48,17108,544,6369,464,8008,465,4848,383,5965,326,7209,416,4308,345,3269,334,3009,303,6147,117,2728,374,3542,400,10873,501,20676,64,22274,79,21438,772,20618,770,19490,78,19131,42,18051,604,6557,448,9552,522,5784,406,7502,404,8221,457,6009,429,4203,371,6427,382,4607,190,12409,237,16042,279,16525,258,31753,336,30685,275,27227,191,16228,96,6921,289,2723,273,4300,160,12912,228,15662,217,16498,236,31317,308,30923,252,29521,230,19161,122,9056,386,6027,368,143,66,403,106,589,58,532,94,1124,70,888,59,535,32,205,38,27,36,0,28,140,62,365,93,414,102,415,58,775,75,515,107,324,70,148,68,96,63,11,18,55,41,87,73,71,71,119,96,348,129,279,106,181,72,37,32,15,16,10,15,30,37,173,107,133,77,176,99,284,98,247,115,226,72,68,38,33,25,23,41,411,85,1398,144,2304,169,2623,133,5061,157,3547,122,2323,72,1164,41,538,67,142,65,492,115,1501,154,2136,160,2796,163,5836,141,4403,93,2718,81,1492,69,664,100,281,104,22,39,185,118,99,70,61,54,259,92,88,63,66,76,50,38,0,28,0,28,191,109,51,49,107,62,165,80,125,67,191,71,61,59,34,36,0,28,38,57,3759,28,10285,25,13494,28,14213,51,27367,30,27825,54,25834,70,15589,22,6713,279,2684,279,3381,57,10496,12,13362,47,14306,46,26979,29,28208,96,28158,66,18500,10,8890,369,5913,369,1547,NA,3929,NA,3814,NA,4117,NA,7575,NA,4847,NA,2155,NA,807,NA,236,77,125,77,1527,NA,3767,NA,3568,NA,3656,NA,7102,NA,4367,NA,2170,NA,948,NA,371,96,162,96,300,118,3313,380,8646,528,7592,531,1022,221,2279,360,258,113,1536,357,2997,450,9129,619,9505,705,3364,360,11815,756,5203,437,2143,295,2617,431,7127,486,7558,557,3991,468,11383,584,7984,557,2907,374,3270,462,11741,655,15498,760,6811,548,17820,712,11455,610,1045,203,997,192,5253,397,6369,437,1914,286,7295,438,5735,453,273,117,2353,329,6209,583,9519,661,1429,280,3305,425,202,101,1073,254,1901,305,7330,461,9705,590,3219,358,13178,708,6544,585,2271,337,1859,347,6185,533,8345,638,4194,488,12148,663,7054,588,3575,365,3090,402,12788,726,17935,659,7349,540,18192,750,9852,610,1839,288,1780,236,11129,490,10122,626,2212,313,7038,471,4026,425,69743,1118,61817,2963,41298,2662,455264,3759,977,254,535,158,526,177,411,161,706,200,387,129,436,142,668,206,323,129,847,213,487,160,682,210,220,98,138,71,108,99,27,40,2995,397,1977,345,2190,365,3374,445,3328,496,3083,426,2828,414,3002,373,3226,456,6415,614,9165,627,13506,832,9425,629,6069,473,6434,525,4943,488,2986,335,2072,301,2004,281,2240,275,2086,285,2552,329,2817,365,2587,380,2277,319,5547,476,8007,603,11510,702,10035,569,6436,508,7825,537,7847,492,1710,297,2245,312,2721,365,2778,354,2849,367,2790,364,2439,324,2298,338,2123,307,3522,373,3635,319,4685,398,2738,288,1633,220,1562,286,1315,207
"41069","Wheeler County, Oregon",9,11,5,6,0,12,16,17,36,19,22,9,22,10,27,15,21,11,28,11,69,25,44,18,27,12,36,15,21,10,92,21,48,16,36,15,17,10,6,5,4,4,10,12,18,11,36,13,18,8,28,15,15,8,39,13,73,22,75,21,27,12,47,20,18,9,45,17,69,20,54,18,40,13,14,11,4,5,14,14,33,18,22,9,49,17,47,15,137,27,149,24,84,21,17,10,5,5,23,12,34,13,18,8,43,16,112,25,136,27,117,22,94,20,14,11,0,12,0,12,0,12,0,12,0,12,0,12,0,12,0,12,0,12,0,12,0,12,0,12,0,12,0,12,0,12,0,12,0,12,0,12,0,12,0,12,0,12,0,12,0,12,0,12,0,12,0,12,3,3,0,12,0,12,0,12,0,12,0,12,0,12,0,12,0,12,0,12,8,12,4,4,0,12,0,12,1,3,0,12,0,12,0,12,0,12,0,12,0,12,0,12,0,12,0,12,0,12,1,2,2,4,0,12,0,12,0,12,5,5,0,12,0,12,0,12,0,12,0,12,0,12,0,12,0,12,0,12,0,12,0,12,0,12,0,12,0,12,0,12,0,12,0,12,0,12,0,12,0,12,0,12,0,12,0,12,4,5,14,14,33,18,22,9,49,17,47,15,137,27,144,23,84,21,17,10,5,5,23,12,31,12,18,8,43,16,112,25,131,26,112,20,94,20,14,11,0,12,0,12,0,12,0,12,0,12,0,12,0,12,5,6,0,12,0,12,1,2,0,12,3,5,0,12,0,12,0,12,5,7,12,12,0,12,0,12,0,12,5,5,9,13,9,11,0,12,7,10,0,12,0,12,12,12,2,4,21,12,11,10,11,8,1,2,0,12,9,12,14,9,13,10,4,4,9,8,0,12,0,12,5,4,112,28,47,15,7,5,13,11,5,4,8,10,18,9,114,24,73,20,17,15,8,7,12,6,4,6,3,4,4,5,19,15,0,12,8,9,0,12,0,12,6,7,5,5,12,8,5,5,19,11,7,7,0,12,0,12,10,6,13,12,13,10,5,5,2,2,0,12,11,12,95,24,75,26,15,13,44,19,21,13,4,6,23,13,83,20,89,27,4,5,28,18,9,7,33400,3639,272,64,167,47,906,110,5,9,0,12,0,12,0,12,0,12,9,13,0,12,0,12,0,12,0,12,0,12,0,12,0,12,0,12,0,12,0,12,8,7,5,8,6,7,12,8,0,12,11,12,3,6,1,2,9,9,6,5,20,17,15,9,5,4,0,12,0,12,2,3,18,15,34,17,29,20,10,9,13,14,23,18,2,2,25,12,9,9,25,13,18,10,40,20,6,4,6,9,8,10,0,12,29,14,36,18,30,17,22,13,33,14,31,14,17,9,22,13,5,4,20,11,25,16,22,15,11,12,3,3,4,6,3,3
"41071","Yamhill County, Oregon",1643,142,1352,201,979,343,1378,389,3185,110,3293,104,3202,304,3467,279,3435,173,3423,128,3413,255,1115,191,1801,225,1255,188,1512,181,1706,207,1141,148,876,137,737,143,1852,66,1087,220,920,215,1767,238,2777,82,3146,102,2937,258,3146,277,3024,79,3416,90,3809,253,1243,181,1772,204,982,158,1710,202,1975,200,1464,195,996,198,1548,224,1397,97,3196,150,2714,103,2764,134,5663,149,5970,124,5874,94,4215,79,1991,143,715,143,1552,101,3171,84,2526,79,2768,65,5496,122,5854,87,6278,112,4419,79,2375,210,1494,218,0,28,42,40,111,77,96,70,114,66,157,93,24,26,9,18,5,10,0,28,0,28,62,47,0,28,28,32,21,31,28,30,0,28,0,28,0,28,38,49,0,28,11,18,81,95,67,62,95,65,145,66,46,32,30,23,9,10,1,3,0,28,0,28,65,68,96,85,64,45,42,36,101,82,40,32,12,15,2,4,78,64,79,86,0,28,7,12,63,60,214,126,6,9,63,37,4,8,20,32,110,57,214,89,27,37,54,52,82,71,102,57,90,49,51,33,10,16,0,28,12,18,0,28,29,41,0,28,29,35,90,75,10,17,0,28,0,28,0,28,18,22,17,18,0,28,0,28,0,28,0,28,12,15,0,28,0,28,0,28,1228,28,2619,16,2232,20,2284,28,4711,30,5281,16,5621,30,3988,28,1991,143,706,143,1388,14,2732,28,2159,28,2341,28,4759,28,5410,28,6051,32,4303,28,2347,213,1475,213,207,99,897,99,653,NA,729,NA,1416,NA,950,NA,474,NA,302,23,8,16,9,14,308,NA,620,NA,463,NA,519,NA,1004,NA,676,NA,437,NA,219,63,33,30,57,54,54,69,503,175,1999,453,2407,421,200,165,189,114,0,28,221,157,747,198,2020,267,1814,327,376,144,977,235,323,119,480,172,730,209,2086,264,1344,190,618,181,843,184,568,200,677,161,779,207,3655,340,4016,404,1102,199,1948,261,1010,184,403,111,489,119,1902,216,1740,248,482,109,1218,215,993,188,33,36,597,177,1642,291,2760,344,335,159,259,139,0,28,169,97,432,181,1408,246,1652,244,429,142,1370,253,463,158,135,86,621,191,1304,270,1806,305,541,159,984,195,692,163,520,148,673,128,3574,284,3605,369,1648,223,2155,252,1089,195,556,156,494,126,2985,274,2230,273,503,119,1244,201,663,142,54951,2120,15255,1520,8757,1340,73096,1867,198,118,48,44,75,56,107,94,237,125,129,92,37,36,27,40,43,61,38,51,127,90,154,108,10,16,0,28,0,28,0,28,642,199,396,160,300,121,525,165,460,149,359,151,486,161,903,277,526,191,885,201,1151,227,1795,271,968,202,499,166,402,163,260,109,846,218,435,126,441,140,361,109,505,174,351,125,531,127,496,152,667,176,1195,219,1575,225,1939,302,1635,266,744,158,964,189,695,144,400,129,712,189,814,192,661,173,627,141,557,132,865,170,705,179,582,173,680,138,895,163,852,160,431,125,495,136,144,68,415,122
